nama_tempat,lat,lon,kategori,wilayah
Angkringan Wongso,-7.816468,110.3437243,cafe,bantul
MARKO milk & coffee,-7.8012501,110.3441265,cafe,bantul
Sate Klatak pak Pong,-7.8680486,110.3905995,cafe,bantul
Hidden Milk and Meals,-7.8075515,110.3391423,cafe,bantul
Mataram Loewak Coffee,-7.8197766,110.4038274,cafe,bantul
Saorsa Selatan,-7.8196821,110.3431958,cafe,bantul
ocean food,-8.0130591,110.2903423,cafe,bantul
Kingli,-7.8071804,110.3395054,cafe,bantul
Museum Coklat Monggo,-7.8406161,110.2979491,cafe,bantul
Kopi Kampung Ambarrukmo,-7.7876079,110.4038625,cafe,bantul
Warung Makan Amin,-8.023048,110.3315137,cafe,bantul
Bumi Seduh Coffee,-7.828852,110.3802925,cafe,bantul
Chatime,-7.7808184,110.3499445,cafe,bantul
Dua Tiga Cafe,-7.8739116,110.3450824,cafe,bantul
Jus Al Kareem,-7.8627949,110.3360177,cafe,bantul
Kopi Inah,-7.8145488,110.4146606,cafe,bantul
Bulak Pari view (warung),-7.8413146,110.3263463,cafe,bantul
Champa Jogja,-7.8413312,110.325352,cafe,bantul
Ekstens Coffee,-7.7987469,110.4090773,cafe,bantul
Kedai Angkringan Tata Kahuripan,-7.811266,110.3444817,cafe,bantul
Win Win,-7.9676648,110.2711638,cafe,bantul
kafe angringan,-7.9693642,110.2715008,cafe,bantul
rinjani coffee time,-7.8326113,110.4210284,cafe,bantul
Lokanusa Kotagede,-7.833978,110.3998912,cafe,bantul
Rekaya Artisan Coffee & Eatery,-7.798093,110.4056958,cafe,bantul
Cafe 1912,-7.810518,110.3232564,cafe,bantul
Anatra Coffee and Kitchen,-7.7987708,110.4077611,cafe,bantul
Jus Buah Banguntapan,-7.7984498,110.4076443,cafe,bantul
Furi & Co,-7.7988151,110.4059257,cafe,bantul
Mini Market (Indomart) Piyungan,-7.8376189,110.4745462,convenience,bantul
Srimartani Mart,-7.8248961,110.4792185,convenience,bantul
Dyefa Computer,-7.79491,110.3979795,convenience,bantul
Indomaret,-7.8068044,110.342269,convenience,bantul
Alfamart,-7.8275035,110.4410647,convenience,bantul
Mini Market,-7.9355202,110.3737742,convenience,bantul
Alfamart,-7.8183765,110.3483728,convenience,bantul
Indomaret,-7.8130878,110.3491431,convenience,bantul
Alfamart,-7.8401862,110.3131922,convenience,bantul
Indomaret,-7.892753,110.3367742,convenience,bantul
Indomaret,-7.7955829,110.397842,convenience,bantul
Alfamart,-7.812676,110.4022699,convenience,bantul
Alfamart,-7.8126894,110.2675663,convenience,bantul
Alfamart,-8.0221303,110.3312129,convenience,bantul
Alfamart,-7.8063286,110.3406946,convenience,bantul
Warung Kenzo-Kenzie,-7.8276383,110.4425382,convenience,bantul
Indomaret,-7.8189132,110.4175061,convenience,bantul
WS Baru Mart,-7.8298471,110.4068595,convenience,bantul
SRC Mayar,-7.8965268,110.3236255,convenience,bantul
Alfamart,-7.8196968,110.4013802,convenience,bantul
Indomaret,-7.8039735,110.4024274,convenience,bantul
Indomaret,-7.8193969,110.4014738,convenience,bantul
Alfamidi Kasihan,-7.8289326,110.3323843,convenience,bantul
"Indomaret Wates Km 11,2",-7.8131977,110.2638989,convenience,bantul
Budi Mart UMY,-7.814083,110.3202286,convenience,bantul
Toko Utomo,-7.8108846,110.4049283,convenience,bantul
Toko Sekar,-7.8224733,110.4149815,convenience,bantul
Alfamart,-7.7888402,110.3481457,convenience,bantul
Toko Ika Moroseneng,-7.8109871,110.4062247,convenience,bantul
Cinta Damai,-7.9812347,110.2240568,convenience,bantul
Toko Adam,-7.9811591,110.2244392,convenience,bantul
Raffa X Store,-7.9837398,110.2862151,convenience,bantul
TB Berkah,-7.9920304,110.3016468,convenience,bantul
Toko Wahyuni Buruhan,-7.9905443,110.296969,convenience,bantul
Toko Adit Srigading,-7.9810101,110.273488,convenience,bantul
Toko Raisha,-7.9787376,110.2855009,convenience,bantul
Tisha Olshop,-7.9811706,110.2835781,convenience,bantul
Toko Amanah,-7.9821254,110.2826888,convenience,bantul
Toko Tiara Indah,-7.9737503,110.2841108,convenience,bantul
Alfamart,-7.8947996,110.3523194,convenience,bantul
Indomaret,-7.8039809,110.4024287,convenience,bantul
Toko Adelia,-7.8223549,110.4147588,convenience,bantul
Toko Sakinah,-7.8231003,110.4145077,convenience,bantul
Toko Pepak,-7.8250022,110.4140663,convenience,bantul
Toko Legi,-7.825105,110.4140164,convenience,bantul
Alfamart,-7.8126686,110.4023179,convenience,bantul
Toko Yumna,-7.8640879,110.3922234,convenience,bantul
Laundry Hijau,-7.8213441,110.3638049,laundry,bantul
Elfon laundry,-7.79384,110.3631167,laundry,bantul
King Laundry,-7.8010476,110.3565847,laundry,bantul
GG Laundry,-7.8155194,110.3651856,laundry,bantul
Laundry service,-7.8210832,110.3730623,laundry,bantul
Laundry service,-7.8202279,110.3732047,laundry,bantul
Laundry,-7.8189236,110.3732047,laundry,bantul
Laundry,-7.8191969,110.3732176,laundry,bantul
Laundry,-7.8190632,110.3702862,laundry,bantul
Green wash,-7.8189523,110.362116,laundry,bantul
Ohie-Ohie,-7.8088803,110.3406517,laundry,bantul
Melia Counter,-7.7853721,110.3756742,laundry,bantul
Unicorn Laundry,-7.787283,110.3791319,laundry,bantul
Laundry Mutiara,-7.7885512,110.37974,laundry,bantul
Widya Laundry,-7.787425,110.3795484,laundry,bantul
Laundry K21,-7.787477,110.3801261,laundry,bantul
Top Laundry,-7.7875154,110.3803094,laundry,bantul
Mataair Laundry Keluarga,-7.7911192,110.446729,laundry,bantul
d'laundry aja,-7.7792195,110.3839237,laundry,bantul
Dido Loundry,-7.9335125,110.3311712,laundry,bantul
Laundry-Ku,-7.8763532,110.2407812,laundry,bantul
Annas Laundry,-7.8188946,110.3693972,laundry,bantul
Barakallah Laundry,-7.8179997,110.3727063,laundry,bantul
Mom's Laundry Bromo,-7.7735519,110.3902208,laundry,bantul
Sky Laundry,-7.8142104,110.3211079,laundry,bantul
One Click Laundry Vol 2,-7.8143398,110.3212023,laundry,bantul
K&N Laundry Express,-7.8141771,110.3202157,laundry,bantul
LCC Laundry,-7.8092088,110.3673084,laundry,bantul
Gasbhi Laundry,-7.7890979,110.3732017,laundry,bantul
Fresh,-7.8108232,110.40308,laundry,bantul
Laundry Nia,-7.9856274,110.3100954,laundry,bantul
Ribow Laundry,-7.9895452,110.2962485,laundry,bantul
Dido Loundry,-7.9335126,110.3311776,laundry,bantul
Arafah Laundry,-7.8232012,110.4144812,laundry,bantul
Ashalina Laundry,-7.8249251,110.4140923,laundry,bantul
Angkringan Lik Min,-7.8172315,110.3510743,restaurant,bantul
Gudeg Bu Tjitro,-7.7984745,110.4027756,restaurant,bantul
Omah Dhuwur,-7.8273229,110.39433,restaurant,bantul
Soto Pak Marto,-7.7984747,110.4032706,restaurant,bantul
Bumi Langit,-7.9263416,110.4102756,restaurant,bantul
Monggo Resto,-7.8455649,110.4029203,restaurant,bantul
Kedai Wedangan Watu Lumbung,-7.9931073,110.3180744,restaurant,bantul
Mie Ayam Joglo,-7.9322469,110.3674726,restaurant,bantul
Village Inn,-7.9342156,110.3662702,restaurant,bantul
Mie Ayam Bendungan,-7.9340697,110.3663825,restaurant,bantul
Bakmi Jawa Sunar,-7.8290862,110.3421653,restaurant,bantul
Warung Mangut Lele Bedog,-7.8374343,110.3399174,restaurant,bantul
Bakmi Pele,-7.8332498,110.3379887,restaurant,bantul
Ayam Goreng Mbah Cemplung,-7.8392357,110.3341516,restaurant,bantul
Soto Lenthok,-7.8200923,110.3480394,restaurant,bantul
Soto Pagi,-7.8189323,110.3480923,restaurant,bantul
Yanti Restaurant,-7.8236527,110.3468767,restaurant,bantul
Sate Ngasem,-7.8249576,110.3451123,restaurant,bantul
Gule Ayam Jago,-7.8858027,110.3306568,restaurant,bantul
Soto Sapi Sumilir,-7.885621,110.3301743,restaurant,bantul
Mie Ayam Kasongan,-7.8467364,110.3444998,restaurant,bantul
Menco,-7.8385386,110.4112615,restaurant,bantul
Pemancingan Mataram,-7.8125009,110.4179944,restaurant,bantul
Padang MM,-7.828129,110.447018,restaurant,bantul
Ayam Goreng Suharti,-7.8092399,110.4024236,restaurant,bantul
Sate Klatak Pak Bari,-7.870795,110.3919484,restaurant,bantul
Lotek & Kupat Tahu Sor Talok,-7.9245332,110.3736868,restaurant,bantul
Rumah Garuda,-7.8481094,110.3526948,restaurant,bantul
Sate Klathak Pak Yakut,-7.800588,110.337839,restaurant,bantul
Sate Klathak Pak Pong,-7.8712496,110.3872742,restaurant,bantul
Sate Klathak Pak Pong,-7.8714194,110.3874765,restaurant,bantul
Mbok mampir aneka menu belut,-7.8541753,110.3835333,restaurant,bantul
soto bu inem,-7.8418347,110.3288364,restaurant,bantul
warung bakmi jawa enak,-7.8180882,110.3483502,restaurant,bantul
gudeg bu tatik,-7.8288129,110.320791,restaurant,bantul
Bakso Pak Tupar,-7.8951867,110.352765,restaurant,bantul
Bakso Jaka,-7.9272228,110.3208729,restaurant,bantul
Rumah Makan 'Ampera' Nasi Padang Asli,-8.0230076,110.33431,restaurant,bantul
Virgo Resto Bambu,-8.0178146,110.325814,restaurant,bantul
Virgo Resto Bambu,-8.0175814,110.3253741,restaurant,bantul
Warung Bakso Pak Ambar,-7.8140138,110.2590265,restaurant,bantul
Simple Plant vegetarian resto & art space,-7.8361159,110.3400082,restaurant,bantul
Tirto Segoro,-8.0143042,110.3207125,restaurant,bantul
Cafe de Paris,-8.0272029,110.3376396,restaurant,bantul
Yogyakarta Bray Batagor,-7.8129767,110.4154887,restaurant,bantul
Warung kopi koboi,-7.8431035,110.3860237,restaurant,bantul
Vege Jawi,-7.7919019,110.4029148,restaurant,bantul
Sego Pecel Madiun Mergoroso,-7.8108466,110.4054965,restaurant,bantul
Lapangan Mini,-7.8281487,110.3656033,restaurant,bantul
Pelataran Puan Kopi & Tumbuh,-7.8170311,110.3470344,restaurant,bantul
Salad Moi,-7.8113108,110.3404805,restaurant,bantul
Waroeng Steak & Shake,-7.8005668,110.3463843,restaurant,bantul
Goeboeg Resto,-7.8107398,110.4081476,restaurant,bantul
Sugar Boba UMY,-7.8065801,110.3279731,restaurant,bantul
Griya Bakpia,-7.8065969,110.3279054,restaurant,bantul
Warmindo Motekar 8,-7.8072021,110.3280062,restaurant,bantul
Say Story Umy,-7.8074972,110.3280024,restaurant,bantul
Nasi Goreng Pak Yono,-7.8078743,110.3280253,restaurant,bantul
Kopi Nuri,-7.8550364,110.3550446,restaurant,bantul
Kedai Nyah Tan Li,-7.8459777,110.3380415,restaurant,bantul
Warung Bu Baha,-7.8275133,110.4058756,restaurant,bantul
Lesehan Twin Bridge,-7.8384309,110.4860725,restaurant,bantul
Bakmi Jawa,-7.8360015,110.4854952,restaurant,bantul
Sido Kumpul,-7.8439756,110.4811177,restaurant,bantul
Bakso Mie Ayam,-7.8363218,110.4768632,restaurant,bantul
Warung 7engger,-7.8451341,110.480247,restaurant,bantul
Layana Culinary & Spice,-7.8376378,110.480974,restaurant,bantul
Warung Soto Cerak Ati,-7.8173668,110.3189145,restaurant,bantul
Soto Ayam Pak Min Klaten,-7.8206634,110.4208191,restaurant,bantul
Bakso Gajah Mungkur,-7.8230117,110.4254869,restaurant,bantul
Sate Kambing Mudo,-7.8237345,110.4277367,restaurant,bantul
Ayam Goreng Bu Ranti,-7.8231413,110.4255801,restaurant,bantul
Joglo Khasanah,-7.8197843,110.4190276,restaurant,bantul
Chicken Crush,-7.8760519,110.3355382,restaurant,bantul
Warung Mie Ayam & Bakso Pak Paijo,-7.8200111,110.4155094,restaurant,bantul
Sate Kambing Pak Gandung,-7.8275903,110.4133173,restaurant,bantul
Soto Pagi Palibapang,-7.9054148,110.3207094,restaurant,bantul
Rumah Makan Padang Murah,-7.8512518,110.3426746,restaurant,bantul
Soto Daging Sapi Pak Man,-7.8669325,110.3384774,restaurant,bantul
Waroeng Steak & Shake,-7.8283086,110.3542059,restaurant,bantul
Warung Soto Kadipiro,-7.8006662,110.3462144,restaurant,bantul
Mie Ayam Bakso Bima,-7.8046532,110.4024199,restaurant,bantul
Tongseng Dan Daging Gongso Bu Amirah,-7.8279081,110.3674751,restaurant,bantul
Kopi Klothok Paris,-7.9374369,110.3597352,restaurant,bantul
Lotus Mio Bangunjiwo,-7.8431978,110.3050464,restaurant,bantul
Kopi Randu,-7.8536958,110.3142778,restaurant,bantul
Warung Bakmi Pak Kentung,-7.9044614,110.3328121,restaurant,bantul
"Warung Soto Bu ""Dhe""",-7.9046998,110.3314025,restaurant,bantul
Joeragan Bakso,-7.9289172,110.3268955,restaurant,bantul
Pawon Mbah Poer,-7.9309457,110.3166562,restaurant,bantul
Omah Tiwan,-7.930859,110.3167395,restaurant,bantul
Mutiara Minang,-7.9321441,110.2651208,restaurant,bantul
Kampoeng Mataraman,-7.8359289,110.3620125,restaurant,bantul
Bakso & Durian Goda,-7.8219374,110.3473846,restaurant,bantul
Rocket Chicken Niten Kasongan,-7.8487276,110.343601,restaurant,bantul
La Li Sa Farmer's Village,-7.8202952,110.2412568,restaurant,bantul
"Doyan Ayam Sewon, Yogyakarta",-7.8413886,110.3567412,restaurant,bantul
Mie Ayam Mas Huda,-7.981143,110.2236737,restaurant,bantul
Bakso & Mie Ayam Mo-Bal Wonogiri,-7.8436115,110.3144915,restaurant,bantul
PREKSU UMY,-7.8148015,110.3233927,restaurant,bantul
Nasi Kuning Kanda,-7.8294869,110.3801922,restaurant,bantul
Manoban,-7.829924,110.3802813,restaurant,bantul
Seblak Prasmanan Bariklana,-7.830277,110.3803432,restaurant,bantul
Sate Ayam Madura Cak,-7.8304174,110.3803723,restaurant,bantul
Om Joy,-7.8301948,110.3801565,restaurant,bantul
Jiwajawi,-7.8402913,110.2922891,restaurant,bantul
Sate Klathak Pak Pong,-7.8714433,110.3874765,restaurant,bantul
Seblak Endul,-7.873704,110.3450062,restaurant,bantul
Seblak PAW,-7.8788233,110.331268,restaurant,bantul
Waroeng Omah Sawah,-7.8714426,110.3463227,restaurant,bantul
Warung,-8.0023684,110.3285746,restaurant,bantul
Candi Tirto Raharjo,-7.8424088,110.3374764,restaurant,bantul
Bakso Dawet Ringin Pak Bardi Jogja,-7.8026224,110.4145397,restaurant,bantul
Bakso Pratama,-7.9073533,110.3436071,restaurant,bantul
Nasi Goreng Athaya,-7.8114727,110.3280642,restaurant,bantul
Angkringan Reeneo,-7.8466066,110.3561643,restaurant,bantul
Warmindo,-7.8461238,110.3561174,restaurant,bantul
Ayam Bakar Mas Jaya,-7.8142057,110.321045,restaurant,bantul
Nasi Goreng Mas Rifan,-7.8141827,110.3209295,restaurant,bantul
Ayam Goreng Pak Sip UMY,-7.8143167,110.3210904,restaurant,bantul
Uni Ita,-7.8143551,110.3213888,restaurant,bantul
Warmindo Raja Vitamin 1,-7.8143172,110.3215175,restaurant,bantul
Bubur Ayam Khas Jakarta Spesial Mas Coboy,-7.8142908,110.3209363,restaurant,bantul
Geprekin Aja UMY,-7.8141835,110.3202498,restaurant,bantul
Kedai Aduhai,-7.8147542,110.3208193,restaurant,bantul
Warmindo Burjonya Babe 03,-7.8146138,110.3207347,restaurant,bantul
Ayam Goreng Noosantara,-7.8141705,110.3201361,restaurant,bantul
Warmindo Kuda Mandiri,-7.8141772,110.3201805,restaurant,bantul
Masakan Khas Bali Bu Ayu,-7.7925405,110.4014148,restaurant,bantul
Sate Kambing Pak Tomek,-7.8109389,110.4053438,restaurant,bantul
Arum Mina,-7.8166907,110.3514619,restaurant,bantul
Bakmi Mbah Mo,-7.8875699,110.3483557,restaurant,bantul
Piramida,-7.8443803,110.3623116,restaurant,bantul
Warung Bakmi Jawa Mbak Indri,-7.8135684,110.3433304,restaurant,bantul
Warung Kita,-7.814402,110.3431576,restaurant,bantul
Bakpia Patuk 453,-7.8138309,110.343182,restaurant,bantul
Pondok Lesehan Bu Wiyogno,-7.8125948,110.343187,restaurant,bantul
Soto Sapi Pak Pur,-7.8120436,110.3434422,restaurant,bantul
Warung Kebon Nitiprayan,-7.812706,110.3431623,restaurant,bantul
Warung Makan Bu Sarinem,-7.8137827,110.3443669,restaurant,bantul
Tetep Demen,-7.8108242,110.4030192,restaurant,bantul
Lotek / Kupat Tahu Bu Giyanti,-7.8108237,110.4030494,restaurant,bantul
Burjo Kenangan,-7.8106797,110.4044923,restaurant,bantul
angkringan siBaxpo,-7.9956447,110.2955573,restaurant,bantul
angkringan mas kipli,-7.9978259,110.2921948,restaurant,bantul
Bakmi Jawa Pak Ribut,-7.9637342,110.2719917,restaurant,bantul
Nata De Coco Bp.Sudjadjo,-7.9674926,110.2715432,restaurant,bantul
Omah Adem Mbak Tini,-7.9688876,110.2747687,restaurant,bantul
Warung Makan Mba Sari,-7.9689076,110.2745416,restaurant,bantul
"Mi Ayam ""Tan Genggong""",-7.9689585,110.2736711,restaurant,bantul
Baksi Mini Mansuri,-7.9713742,110.2715108,restaurant,bantul
Restoran Amnas Wedding,-7.9702028,110.2761402,restaurant,bantul
Merapi Bakso dan Mi ayam,-7.9917432,110.2998966,restaurant,bantul
Angkringan Nur Jithenx,-7.9919248,110.2999261,restaurant,bantul
Mie Ayam Reza Basser,-7.9920351,110.2986125,restaurant,bantul
Mi ayam Bedes,-7.9920158,110.2969053,restaurant,bantul
Warung Makan Prapatan Buruhan,-7.9919966,110.2973921,restaurant,bantul
Rumah Makan Pavajo,-7.9427337,110.332645,restaurant,bantul
Rumah Makan Pavajo,-7.9425461,110.3328304,restaurant,bantul
Rumah Makan Pavajo,-7.9424215,110.3329549,restaurant,bantul
warung makan bu Sarinem,-7.8137246,110.3442287,restaurant,bantul
Mie Ayam Dunia,-7.9050375,110.332904,restaurant,bantul
Warung Bu Pon,-7.8129158,110.343438,restaurant,bantul
Sate Kambing Yu Yah,-7.9798883,110.3168405,restaurant,bantul
Nasi Bali Bimakroda,-7.793186,110.4031484,restaurant,bantul
Kitakita,-7.8215556,110.4152437,restaurant,bantul
Gubug Bakmi Pendowo,-7.824744,110.4142844,restaurant,bantul
Selo Karang,-8.0270718,110.3379099,restaurant,bantul
Warung Soto Gumyak,-7.8610166,110.3896194,restaurant,bantul
Barama Market,-7.8427402,110.4188365,restaurant,bantul
Warung Bakmi Pak Kentung,-7.9044663,110.3328152,restaurant,bantul
Bakmi Jawa Kembang Kluwih,-7.8026014,110.333266,restaurant,bantul
Pawon Genthong,-7.8415904,110.3083691,restaurant,bantul
warung ramarama,-7.8577122,110.3095773,restaurant,bantul
Preksu UMY,-7.8147887,110.323388,restaurant,bantul
Rumah Makan Kirana,-7.7984507,110.4079814,restaurant,bantul
Teras Coffee Fruit juice,-7.9677816,110.5980014,cafe,gunungkidul
Katamata,-7.9625796,110.6220634,cafe,gunungkidul
empat%,-7.9317664,110.5715279,cafe,gunungkidul
SEBLAK CORNER,-8.0830979,110.7737772,cafe,gunungkidul
Kandang Ogut,-7.9700408,110.5831057,cafe,gunungkidul
Rumah Indah,-7.8288029,110.73189,cafe,gunungkidul
Warung lek karni,-7.8150537,110.7666249,cafe,gunungkidul
Kanca Curhat Snack 🥨 Cafe,-7.9800823,110.5399222,cafe,gunungkidul
Pule,-7.9724565,110.6072112,cafe,gunungkidul
Kedai Picpic,-7.9614106,110.6010041,cafe,gunungkidul
Kopi Kenangan,-7.9610697,110.596222,cafe,gunungkidul
Timber Coffee,-7.9612964,110.5959194,cafe,gunungkidul
Warung HL KopilanbrongkoS,-7.9706871,110.6010313,cafe,gunungkidul
Sender,-7.9692918,110.6044992,cafe,gunungkidul
Raye Coffee,-7.9675129,110.6046906,cafe,gunungkidul
Belikopi,-7.9678262,110.6048532,cafe,gunungkidul
Homwok,-7.9717846,110.6071571,cafe,gunungkidul
Momoyo,-7.9665797,110.6016776,cafe,gunungkidul
Roha Coffee Books & Creative Space,-7.9476332,110.5841034,cafe,gunungkidul
Aroem Gendhis,-7.9327631,110.5707413,cafe,gunungkidul
Haes Coffee,-7.9754022,110.5960666,cafe,gunungkidul
Roetin Caffee,-7.9704555,110.5969761,cafe,gunungkidul
Mixue,-7.9622813,110.6017742,cafe,gunungkidul
Mixue,-7.9738187,110.6087522,cafe,gunungkidul
Nitik Coffee,-7.9934199,110.6421037,cafe,gunungkidul
Foodtosyntesa,-7.991891,110.6396652,cafe,gunungkidul
Un Caffe & Resto,-7.9607432,110.6035155,cafe,gunungkidul
Semesta Coffee,-7.9583857,110.6036363,cafe,gunungkidul
Zarvé Coffee by Alzara,-7.9681364,110.5923452,cafe,gunungkidul
South Shore,-8.1458087,110.6055059,cafe,gunungkidul
Maga swalayan,-7.8179876,110.3619048,convenience,gunungkidul
Minimarket Alfamart,-7.8246332,110.4792399,convenience,gunungkidul
Indomaret,-7.7832431,110.4459151,convenience,gunungkidul
Alfamart,-7.8768537,110.5384041,convenience,gunungkidul
Circle K,-7.8210708,110.3679047,convenience,gunungkidul
Indomaret,-7.8249692,110.3734947,convenience,gunungkidul
Indomaret,-7.8177931,110.3556731,convenience,gunungkidul
Indomaret,-7.8100976,110.3772177,convenience,gunungkidul
Alfamart,-7.8162919,110.3683929,convenience,gunungkidul
Jogjamart,-7.8204714,110.3680506,convenience,gunungkidul
Indomaret,-7.8222976,110.3615526,convenience,gunungkidul
Alfamart,-7.8313623,110.3898422,convenience,gunungkidul
Indomaret,-7.7838225,110.4106768,convenience,gunungkidul
Indomaret,-7.7864277,110.3996955,convenience,gunungkidul
Indomaret,-7.8194886,110.3962612,convenience,gunungkidul
Indomaret,-7.8008855,110.3730838,convenience,gunungkidul
Alfamart,-7.7930885,110.3733814,convenience,gunungkidul
Indomaret,-7.7956017,110.3727972,convenience,gunungkidul
Indomaret,-7.8159518,110.3685103,convenience,gunungkidul
Indomaret,-7.8041247,110.3565267,convenience,gunungkidul
Indomaret,-7.7926306,110.3536941,convenience,gunungkidul
Toko Dolano,-7.7873875,110.3524824,convenience,gunungkidul
Indomaret,-7.8045454,110.3509313,convenience,gunungkidul
Circle K,-7.7916992,110.3634266,convenience,gunungkidul
Alfamart,-7.8189945,110.373112,convenience,gunungkidul
MiniMarket,-7.8190584,110.3701171,convenience,gunungkidul
Indomaret,-7.8072937,110.3693323,convenience,gunungkidul
Alfamart,-7.7896328,110.3623581,convenience,gunungkidul
Indomaret,-7.7896892,110.3631487,convenience,gunungkidul
Indomaret,-7.7962384,110.352663,convenience,gunungkidul
Toko Bu Warsito,-7.7888489,110.3757752,convenience,gunungkidul
Prista Mart,-7.788345,110.3786027,convenience,gunungkidul
Kopel Bulog,-7.7851703,110.3750892,convenience,gunungkidul
Toko 89,-7.787137,110.3790727,convenience,gunungkidul
Indomaret,-7.8237018,110.390402,convenience,gunungkidul
Indomaret,-7.8254341,110.3902953,convenience,gunungkidul
Warung Yatno,-7.9662154,110.6720076,convenience,gunungkidul
Hesti Mart,-7.7859743,110.3763419,convenience,gunungkidul
Putra Sehat,-7.7845538,110.3790882,convenience,gunungkidul
Pop Mart,-7.7867014,110.378784,convenience,gunungkidul
Alfamidi,-7.7835917,110.3792445,convenience,gunungkidul
Indomaret,-7.7838792,110.3792032,convenience,gunungkidul
Toko Sinar Jaya,-7.7915918,110.3724311,convenience,gunungkidul
Toko Mimi,-7.7861089,110.3841966,convenience,gunungkidul
Lawson,-7.7860814,110.3788651,convenience,gunungkidul
Indomaret,-7.7837004,110.4467256,convenience,gunungkidul
Alfamart,-7.7837275,110.4469219,convenience,gunungkidul
ROSE mart,-7.7836764,110.4414566,convenience,gunungkidul
Toko Jago,-7.7834786,110.411193,convenience,gunungkidul
Alfamart,-7.7836362,110.427457,convenience,gunungkidul
Toko Janti Mandiri,-7.7834903,110.4113101,convenience,gunungkidul
Indomaret,-7.7829683,110.3915859,convenience,gunungkidul
Damai Indah Swalayan,-7.7934375,110.4826142,convenience,gunungkidul
Riffa Mart,-7.7909925,110.4828739,convenience,gunungkidul
Swalayan Madu Rejeki,-7.7843999,110.4828202,convenience,gunungkidul
Putra Mandiri,-7.7934258,110.4829678,convenience,gunungkidul
Toko Bintang Jaya,-7.7932144,110.4809693,convenience,gunungkidul
Indomaret,-7.9952946,110.6473109,convenience,gunungkidul
Toko Kelontong A3,-7.8660849,110.5161246,convenience,gunungkidul
Toko Dika,-8.0155587,110.8295663,convenience,gunungkidul
Yati,-7.9829028,110.6189731,convenience,gunungkidul
Indokulak,-7.8770325,110.5412108,convenience,gunungkidul
Minimart,-7.917124,110.5565136,convenience,gunungkidul
Alfamart,-7.9966111,110.6492107,convenience,gunungkidul
Indomaret,-8.0538834,110.8088839,convenience,gunungkidul
Alfamart,-7.9620633,110.5971987,convenience,gunungkidul
Indomaret,-7.969587,110.6042706,convenience,gunungkidul
Alfamart,-7.9727714,110.6075435,convenience,gunungkidul
Indomaret,-7.9614454,110.5966179,convenience,gunungkidul
Toko Tunas Baru 2,-8.0530029,110.8097669,convenience,gunungkidul
Pojok,-7.974657,110.6098936,convenience,gunungkidul
Toko PW Laris,-7.8759324,110.5316142,convenience,gunungkidul
Indomaret,-7.9497054,110.5858081,convenience,gunungkidul
Toko Tanjung,-7.7878484,110.4634215,convenience,gunungkidul
Toko Nadia 354,-7.7945587,110.4455675,convenience,gunungkidul
Indomaret,-7.8253028,110.4312752,convenience,gunungkidul
yola,-7.8782374,110.5415994,convenience,gunungkidul
Angkasa,-7.9438537,110.549468,convenience,gunungkidul
Amin,-7.9316966,110.5706515,convenience,gunungkidul
Berkah Playen,-7.9378782,110.5531806,convenience,gunungkidul
Barokah,-7.995155,110.6462396,convenience,gunungkidul
Mbk Enik,-8.0011073,110.6534601,convenience,gunungkidul
Iki Bisaku,-7.9771764,110.7120987,convenience,gunungkidul
Lariza,-7.952491,110.6765861,convenience,gunungkidul
Win,-7.9564077,110.6465879,convenience,gunungkidul
AR Cell,-7.9371076,110.6643233,convenience,gunungkidul
Jl baron Laris,-7.9732321,110.6022421,convenience,gunungkidul
Gunawan,-7.968319,110.6030499,convenience,gunungkidul
Madani,-7.9722268,110.6030741,convenience,gunungkidul
Astuti,-7.9598661,110.6194263,convenience,gunungkidul
Toko Plastik Rejo,-7.9714184,110.6042348,convenience,gunungkidul
Rapi,-7.9667587,110.5888805,convenience,gunungkidul
Mozarela Frozen,-7.9613137,110.600728,convenience,gunungkidul
Selang,-7.9633292,110.6184518,convenience,gunungkidul
Kharisma,-7.9637645,110.6138164,convenience,gunungkidul
Plastik 88,-7.9653497,110.6071574,convenience,gunungkidul
Langgeng Jaya,-7.9685281,110.6039492,convenience,gunungkidul
Indomaret,-7.9668532,110.6056148,convenience,gunungkidul
Indomaret,-7.7824396,110.4485229,convenience,gunungkidul
Toko Sherina,-7.8080806,110.4826097,convenience,gunungkidul
Alfamart,-7.7938145,110.3646539,convenience,gunungkidul
Indomaret,-7.8113798,110.3770112,convenience,gunungkidul
Warung Mak Sum,-7.8054061,110.3746792,convenience,gunungkidul
Warung Mak Sum,-7.8053011,110.374779,convenience,gunungkidul
Indomaret,-7.7979606,110.3619855,convenience,gunungkidul
Indomaret,-7.8007615,110.3485656,convenience,gunungkidul
Alfamart,-7.7916049,110.3658349,convenience,gunungkidul
Indomaret,-7.8079894,110.368999,convenience,gunungkidul
Diva Swalayan,-7.952765,110.6785331,convenience,gunungkidul
Alfamart,-7.954231,110.6861318,convenience,gunungkidul
Alfamart,-7.9527564,110.6782869,convenience,gunungkidul
Indomaret,-7.7901399,110.376651,convenience,gunungkidul
Indomaret,-7.8123073,110.4018617,convenience,gunungkidul
Alfamart,-7.8194473,110.3974879,convenience,gunungkidul
Alfamart,-7.8192323,110.373048,convenience,gunungkidul
Ud Pak Man,-7.8293076,110.3798987,convenience,gunungkidul
Indomaret,-7.8160915,110.3910146,convenience,gunungkidul
Indomaret,-7.815302,110.3881516,convenience,gunungkidul
Indomaret,-7.8118053,110.3884972,convenience,gunungkidul
Indomaret,-7.808104,110.3875992,convenience,gunungkidul
Indomaret,-7.8030994,110.3890254,convenience,gunungkidul
Indomaret,-7.8018265,110.3896248,convenience,gunungkidul
Indomaret,-7.8037648,110.3949802,convenience,gunungkidul
Indomaret,-7.7994236,110.3848143,convenience,gunungkidul
Indomaret,-7.7899362,110.3865321,convenience,gunungkidul
Indomaret,-7.7901344,110.3936511,convenience,gunungkidul
Indomaret,-7.7867561,110.3948906,convenience,gunungkidul
Indomaret,-7.7828952,110.3831935,convenience,gunungkidul
Indomaret,-7.8171335,110.3845873,convenience,gunungkidul
Indomaret,-7.8162861,110.3813324,convenience,gunungkidul
Indomaret,-7.8132603,110.3828751,convenience,gunungkidul
Alfamart,-7.7838365,110.4102707,convenience,gunungkidul
Lawson,-7.7940794,110.3780055,convenience,gunungkidul
Kopma UIN Sunan Kalijaga,-7.7862344,110.3944341,convenience,gunungkidul
Alfamart,-7.7836057,110.4268755,convenience,gunungkidul
Indomaret,-7.7867712,110.3948772,convenience,gunungkidul
Alfamart,-7.7878661,110.3662461,convenience,gunungkidul
Indomaret,-7.8044651,110.3509808,convenience,gunungkidul
Indomaret,-7.7827673,110.3993622,convenience,gunungkidul
Alfamart,-7.783462,110.4002993,convenience,gunungkidul
Alfamart,-8.0447754,110.8137644,convenience,gunungkidul
Alfamart,-7.7879588,110.3945093,convenience,gunungkidul
Indomaret,-7.7887958,110.3744053,convenience,gunungkidul
Kopeka,-7.7896357,110.3734216,convenience,gunungkidul
Circle K,-7.7878427,110.373332,convenience,gunungkidul
Alfamart,-7.7881789,110.3725439,convenience,gunungkidul
Kiosk,-7.7888396,110.3722653,convenience,gunungkidul
Indomaret,-7.7841309,110.3421306,convenience,gunungkidul
ATTA Susu,-7.7826109,110.4776599,convenience,gunungkidul
Toko Bu Sulis,-7.7903268,110.4779517,convenience,gunungkidul
Toko Kadafi,-7.7901415,110.4781683,convenience,gunungkidul
Toko Bu Win,-7.7907841,110.4742458,convenience,gunungkidul
Madurejo Swalayan,-7.7892167,110.4829573,convenience,gunungkidul
Minimarket tokis Nasa Ab 1326,-7.7886088,110.4788979,convenience,gunungkidul
Circle K,-7.7916807,110.3657987,convenience,gunungkidul
Alfamart,-7.7916032,110.3657572,convenience,gunungkidul
Indomaret,-7.7914679,110.3657796,convenience,gunungkidul
Toko Udin,-7.7902744,110.3865572,convenience,gunungkidul
Indomaret,-7.8072678,110.4019192,convenience,gunungkidul
pamella 1,-7.8014921,110.390963,convenience,gunungkidul
Indomaret,-7.7978158,110.3927039,convenience,gunungkidul
Alfamidi,-7.8203466,110.3558227,convenience,gunungkidul
Indomaret,-7.8107141,110.3988808,convenience,gunungkidul
Indomaret,-7.8123083,110.4018675,convenience,gunungkidul
Alfamart,-8.0810126,110.7632116,convenience,gunungkidul
Indomaret,-7.7829754,110.413737,convenience,gunungkidul
Indomaret,-7.7830071,110.4077089,convenience,gunungkidul
Bright Mart,-7.7827432,110.4079976,convenience,gunungkidul
Alfamart,-7.8194553,110.397484,convenience,gunungkidul
Indomaret,-7.7905181,110.3658913,convenience,gunungkidul
Lawson,-7.7877941,110.3662565,convenience,gunungkidul
Alfamidi,-7.8134861,110.396037,convenience,gunungkidul
Toko Basuki,-7.8135069,110.3966387,convenience,gunungkidul
Alfamart,-7.7830925,110.4066439,convenience,gunungkidul
Indomaret,-7.7877342,110.3662637,convenience,gunungkidul
Gadri,-7.806386,110.3628846,restaurant,gunungkidul
Kedai Kebun,-7.8181527,110.362733,restaurant,gunungkidul
Lotus Garden,-7.8200546,110.3711402,restaurant,gunungkidul
Bakso Baskom,-7.8274524,110.4381163,restaurant,gunungkidul
"Soto Bathok ""Mbah Joyo""",-7.7831728,110.4449559,restaurant,gunungkidul
Bu Ageng,-7.8182738,110.3642203,restaurant,gunungkidul
warung oncor asli,-7.7876154,110.3660367,restaurant,gunungkidul
Terang Mulyo,-7.8125926,110.3687072,restaurant,gunungkidul
lie djong,-7.8025789,110.3691254,restaurant,gunungkidul
Milas,-7.822212,110.3685451,restaurant,gunungkidul
Rumah Kawan,-7.8273609,110.4369821,restaurant,gunungkidul
Nasi Goreng Sapi Padmanaba,-7.7867728,110.3731595,restaurant,gunungkidul
warung soto,-7.78675,110.3932735,restaurant,gunungkidul
mie ayam Bu Tumini,-7.8335239,110.3905709,restaurant,gunungkidul
Soto Mbak Nunung,-7.8027336,110.3637554,restaurant,gunungkidul
Bakmi Jawa Pak Pele,-7.8052337,110.3652655,restaurant,gunungkidul
SS (Spesial Sambal) Waroeng,-7.8145807,110.3660402,restaurant,gunungkidul
Tojoyo 3 Ayam Goreng dan Bebek Goreng,-7.8146219,110.3662689,restaurant,gunungkidul
House of Raminten,-7.785123,110.3715439,restaurant,gunungkidul
Bakmi Kadin,-7.8019642,110.3726219,restaurant,gunungkidul
Warung Sri Agung,-7.945747,110.4876088,restaurant,gunungkidul
Soto Kudus Gajah Mada,-7.7828175,110.3920591,restaurant,gunungkidul
Soto Ayam Miroso,-7.7830923,110.3985629,restaurant,gunungkidul
Golden Clopatra,-7.8212043,110.3638596,restaurant,gunungkidul
Mediterranea by Kamil,-7.8185002,110.3645423,restaurant,gunungkidul
Warung Pascok,-7.8212658,110.363645,restaurant,gunungkidul
Bank Jo,-7.8211102,110.3679636,restaurant,gunungkidul
Makanan Padang,-7.8216426,110.3679567,restaurant,gunungkidul
Michaela's Kitchen,-7.8207453,110.366793,restaurant,gunungkidul
Pramesthi Hotel,-7.8216489,110.3653899,restaurant,gunungkidul
Kedai Bin Saif,-7.8250613,110.3767831,restaurant,gunungkidul
Nasi Uduk,-7.8247517,110.3734536,restaurant,gunungkidul
Saion & Spa,-7.8185877,110.3673477,restaurant,gunungkidul
Rapoppo,-7.8182947,110.3644234,restaurant,gunungkidul
Warung Makan Putra,-7.812737,110.367014,restaurant,gunungkidul
Bakpia Gito,-7.8155257,110.3599098,restaurant,gunungkidul
Kupat Tahu,-7.8022544,110.3949412,restaurant,gunungkidul
Nanamia Pizzeria,-7.8180246,110.3624919,restaurant,gunungkidul
Gado2 Bu Barinah,-7.8226027,110.3551655,restaurant,gunungkidul
Dapur Sambal,-7.8031767,110.3663228,restaurant,gunungkidul
Playground,-7.7909498,110.3931768,restaurant,gunungkidul
Warung Lotek,-7.8185503,110.3682411,restaurant,gunungkidul
Mi casa es tu casa,-7.7905199,110.3640246,restaurant,gunungkidul
Kedai Rakjat Djelata,-7.7930961,110.3780556,restaurant,gunungkidul
Bakmi Jawa Harjo Geno,-7.8198449,110.3681123,restaurant,gunungkidul
Six Senses Restaurant,-7.8174795,110.3624453,restaurant,gunungkidul
Fortunate Coffee Jogja,-7.7940577,110.361162,restaurant,gunungkidul
Warung,-8.1968859,110.7209198,restaurant,gunungkidul
Warungs,-8.1895224,110.7106741,restaurant,gunungkidul
Taj,-7.7832199,110.3848854,restaurant,gunungkidul
Le Soleil,-7.8192018,110.3719973,restaurant,gunungkidul
Bamboo House,-7.8198842,110.3688921,restaurant,gunungkidul
Warung Pak Kumis & Bu Gendut,-7.7877965,110.3995747,restaurant,gunungkidul
Ayam Geprek,-7.7876052,110.3995426,restaurant,gunungkidul
Pak Gembul,-7.8010808,110.3616132,restaurant,gunungkidul
Soto Lamongan Cak Mangku,-7.8021704,110.393007,restaurant,gunungkidul
Tahu Tek Jumbo,-7.7912204,110.3573118,restaurant,gunungkidul
Manuk Londho,-7.7918948,110.3719224,restaurant,gunungkidul
Tio Ciu Seafood & Chinese Food,-7.7827313,110.3703171,restaurant,gunungkidul
Batik,-7.7916636,110.365052,restaurant,gunungkidul
Sintawang Resto,-7.7820808,110.3607339,restaurant,gunungkidul
Warung Soto Pak Martin,-7.8080811,110.35462,restaurant,gunungkidul
La-capila,-7.7887367,110.3724948,restaurant,gunungkidul
Warung Makan Sri Tumpuk,-7.7831012,110.4241735,restaurant,gunungkidul
Gudeg Yu Djum,-7.7833162,110.4287114,restaurant,gunungkidul
bika ambon larizo,-7.8182686,110.3619627,restaurant,gunungkidul
Ayam Goreng Tojoyo 3,-7.7829566,110.386623,restaurant,gunungkidul
Water Castle Cafe,-7.8086823,110.3600747,restaurant,gunungkidul
Holyland Warung,-7.8002269,110.3622622,restaurant,gunungkidul
Sop Buntut & Ayam Goreng Cokro,-7.7897244,110.3538973,restaurant,gunungkidul
Phuket Resto,-7.7898098,110.3538993,restaurant,gunungkidul
Soto Pak Sholeh “Al-Barokah”,-7.787186,110.3526714,restaurant,gunungkidul
Honje,-7.7834722,110.3667788,restaurant,gunungkidul
Angkringan Texas,-7.7930874,110.3533835,restaurant,gunungkidul
Angkringan,-7.7879697,110.3512358,restaurant,gunungkidul
Angkringan,-7.7890488,110.3511201,restaurant,gunungkidul
Angkringan,-7.7926023,110.3505683,restaurant,gunungkidul
Angkringan,-7.7901041,110.3540058,restaurant,gunungkidul
Angkringan,-7.7920722,110.3502168,restaurant,gunungkidul
Warung Bakso,-7.7926473,110.3674257,restaurant,gunungkidul
Lombok Ijo,-7.7832408,110.3896844,restaurant,gunungkidul
Ice cream Gelato,-7.7937544,110.3780142,restaurant,gunungkidul
Kuliner Kampung Emas,-7.8692094,110.5434129,restaurant,gunungkidul
Warung DPR Dapur Pak Robie,-7.7892293,110.4825135,restaurant,gunungkidul
Bakmi Jowo Antero,-7.7938399,110.4828098,restaurant,gunungkidul
Soto Lenthok,-7.8135747,110.3605325,restaurant,gunungkidul
Warung Ayam Sakti,-7.7891087,110.3935855,restaurant,gunungkidul
"Ayam Goreng ""Mbak UUK""",-7.7988289,110.3708199,restaurant,gunungkidul
Arjuna Restaurant,-7.8218252,110.3664699,restaurant,gunungkidul
Mie goreng Minceu,-7.7937559,110.3630416,restaurant,gunungkidul
Gudeg Yu Djum,-7.7938856,110.3651842,restaurant,gunungkidul
Sambal Uleg,-7.7940731,110.3642653,restaurant,gunungkidul
Mas bowo - nasi,-7.7939069,110.3652453,restaurant,gunungkidul
RAGIL - Sop iga/bontut,-7.7938663,110.3650379,restaurant,gunungkidul
Raos Eco - Gudeg,-7.7939182,110.3653314,restaurant,gunungkidul
Yani's Kitchen,-7.793692,110.3618973,restaurant,gunungkidul
Yogya Chicken,-7.8036399,110.3680323,restaurant,gunungkidul
Gudeg Yu Djum,-7.8045233,110.3667957,restaurant,gunungkidul
Gudeg Ibu Widodo,-7.8042445,110.366775,restaurant,gunungkidul
Bedhots Resto,-7.7908659,110.3639597,restaurant,gunungkidul
Raminten’s Kitchen,-7.7843864,110.3721122,restaurant,gunungkidul
Warung Cak Sule,-7.8168175,110.3682223,restaurant,gunungkidul
Roti Van Java,-7.8148598,110.3683794,restaurant,gunungkidul
Bakmi Jawa Pak Rebo,-7.8124132,110.3690271,restaurant,gunungkidul
Yammie Pathuk,-7.7932706,110.3582542,restaurant,gunungkidul
Blengerr,-7.8228759,110.3676938,restaurant,gunungkidul
Bakmi Jawa Pak Rebo,-7.8122911,110.3689812,restaurant,gunungkidul
Dapur El,-7.8212135,110.3679259,restaurant,gunungkidul
Sate Klatak Kambing Muda,-7.8196529,110.3679466,restaurant,gunungkidul
Karma,-7.819194,110.3717738,restaurant,gunungkidul
Cungky's,-7.8195091,110.372961,restaurant,gunungkidul
Gudeg Pawon,-7.8057242,110.3902995,restaurant,gunungkidul
Bakmi Jawa Pak Rebo,-7.8121665,110.36899,restaurant,gunungkidul
Gudeg Pawon,-7.8056513,110.3901282,restaurant,gunungkidul
Upload,-7.8165674,110.368367,restaurant,gunungkidul
Warung Noodles,-7.7847793,110.4101735,restaurant,gunungkidul
Gudeg yu Djum,-7.8146485,110.3661371,restaurant,gunungkidul
Warung Makan,-7.7844054,110.6299278,restaurant,gunungkidul
Gado-Gado,-7.8186016,110.3681944,restaurant,gunungkidul
Calzone Express,-7.8195082,110.3557469,restaurant,gunungkidul
Warung Cak Sule,-7.8173297,110.3682068,restaurant,gunungkidul
Ayam Sate,-7.8143487,110.3560695,restaurant,gunungkidul
Kambing Sate,-7.8142154,110.3559088,restaurant,gunungkidul
Fruit Stand,-7.8222012,110.3552267,restaurant,gunungkidul
Warung Acil Soto Banjar,-7.8232689,110.3550861,restaurant,gunungkidul
Bakso Balungan,-7.8119018,110.3557167,restaurant,gunungkidul
Tiga Saudara,-7.818869,110.3556541,restaurant,gunungkidul
Sagan Dak Galbi,-7.7826198,110.3793977,restaurant,gunungkidul
Lotus Mio,-7.818349,110.3633602,restaurant,gunungkidul
Warung Heru,-7.8191231,110.3710081,restaurant,gunungkidul
warung sate ayam “pak kromo” (chicken satay),-7.8016386,110.3753559,restaurant,gunungkidul
Bintang Lesehan,-7.7952944,110.3656324,restaurant,gunungkidul
Yamie Panda,-7.7885025,110.3748725,restaurant,gunungkidul
Popeye Chicken Express,-7.8200381,110.3556655,restaurant,gunungkidul
Il Pozzo Ristorante,-7.7915222,110.3782101,restaurant,gunungkidul
Warung Mie Ayam Pansit,-7.7962024,110.3642595,restaurant,gunungkidul
Tujuan,-7.8183994,110.3647863,restaurant,gunungkidul
Warung (cheap and very good),-7.8201583,110.3616375,restaurant,gunungkidul
Nikmat Rasa Bakso & Mie Ayam,-7.8118867,110.3659595,restaurant,gunungkidul
Easy Garden Restaurant & Cafe,-7.817961,110.3613666,restaurant,gunungkidul
Depot Veggie,-7.8183251,110.3682891,restaurant,gunungkidul
Hungry Nomad,-7.8201856,110.3704115,restaurant,gunungkidul
Waroeng SS Kyai Mojo,-7.7820842,110.3554426,restaurant,gunungkidul
Art Kitchen,-7.8201007,110.3690904,restaurant,gunungkidul
Kopi 'ijo',-7.7898879,110.3800969,restaurant,gunungkidul
Padang Vegan Damai,-7.7932923,110.3667089,restaurant,gunungkidul
Soto Lenthok Pak Ali,-7.8063521,110.3603395,restaurant,gunungkidul
Kete Muan,-7.7986928,110.3620464,restaurant,gunungkidul
Lombok Idjo,-7.782632,110.3635807,restaurant,gunungkidul
Snack & drinks good gado gado,-7.8063235,110.3668978,restaurant,gunungkidul
Bakso Seleraku,-7.8085911,110.366693,restaurant,gunungkidul
Arkadia,-7.8193058,110.3700674,restaurant,gunungkidul
Bakmi Shi Bhi Su,-7.8216732,110.3553365,restaurant,gunungkidul
Moerni 78,-7.791139,110.3724615,restaurant,gunungkidul
Sate Ayam Podomoro,-7.7958779,110.3689638,restaurant,gunungkidul
Kota Kembang,-7.7937032,110.3782239,restaurant,gunungkidul
Rumah Makan Airport,-7.7856037,110.4359983,restaurant,gunungkidul
Hello Steaklovers,-7.7978685,110.3523262,restaurant,gunungkidul
Upload,-7.8012414,110.3553808,restaurant,gunungkidul
Gudeng Legeda,-7.7917869,110.3534955,restaurant,gunungkidul
Warung Makan Mbak Rini,-7.8076484,110.358648,restaurant,gunungkidul
Gosambih,-7.8047221,110.3694864,restaurant,gunungkidul
Pak Uzzan - Baksol & Mie Ayam,-7.8042805,110.3572531,restaurant,gunungkidul
Roemi - Rumah Mirota,-7.7856143,110.3743158,restaurant,gunungkidul
Warung Makan Mak'e,-7.7887026,110.3769106,restaurant,gunungkidul
Mie Gacoan,-7.7885116,110.3751467,restaurant,gunungkidul
Sio Manise Seafood,-7.7886023,110.3773979,restaurant,gunungkidul
Rumah Makan Padang Andalas Raya,-7.7886632,110.377216,restaurant,gunungkidul
Sego Empal Bu Warno,-7.7887943,110.376526,restaurant,gunungkidul
Angkringan Semar Jogja,-7.7894611,110.3700634,restaurant,gunungkidul
Nasi Goreng Kambing,-7.7883717,110.3772623,restaurant,gunungkidul
Warung Makan,-7.7889073,110.3748118,restaurant,gunungkidul
Warung Makan Bu Seno,-7.7888465,110.3757242,restaurant,gunungkidul
Angkringan Yono,-7.7884847,110.3765667,restaurant,gunungkidul
Warung Makan dan Gorengan,-7.7889704,110.3741104,restaurant,gunungkidul
Nasi Goreng Sapi,-7.7883347,110.3773269,restaurant,gunungkidul
Angkringan,-7.7878667,110.3773088,restaurant,gunungkidul
Angkringan Mbak Sri,-7.7878113,110.378067,restaurant,gunungkidul
Warung Bu Endang,-7.7836614,110.3761059,restaurant,gunungkidul
Warung Bakso,-7.7836259,110.3761227,restaurant,gunungkidul
Warmindo Podjok,-7.7862429,110.3762131,restaurant,gunungkidul
Warung Makan Pecel Lele,-7.7883803,110.3716659,restaurant,gunungkidul
Nasi Goreng Kambing,-7.7882789,110.371843,restaurant,gunungkidul
Warung Makan Berkah,-7.7888966,110.3778824,restaurant,gunungkidul
Angkringan Pak Tri,-7.788707,110.3785669,restaurant,gunungkidul
Angkringan Denpal,-7.7915402,110.3777711,restaurant,gunungkidul
Angkringan,-7.7900984,110.3780005,restaurant,gunungkidul
Phuket Noodle,-7.7877758,110.3785982,restaurant,gunungkidul
Warung Makan Simple Food,-7.788046,110.3785644,restaurant,gunungkidul
Warung Makan Bakmi dan Nasi Goreng,-7.7889227,110.3738316,restaurant,gunungkidul
Warung Makan 97,-7.7871531,110.3791293,restaurant,gunungkidul
Warung Nasi dan Mie Ayam Obar-abir,-7.787488,110.3786392,restaurant,gunungkidul
Warung Makan Polsek,-7.7883556,110.3782723,restaurant,gunungkidul
Warung Makan Fresco,-7.788415,110.3778703,restaurant,gunungkidul
Depot Instan,-7.7891503,110.3758047,restaurant,gunungkidul
Nii-Ku,-7.7852273,110.372214,restaurant,gunungkidul
Raminten Kitchen,-7.7843927,110.3721924,restaurant,gunungkidul
Twister,-7.7850614,110.3722121,restaurant,gunungkidul
Warung Soto,-7.7878635,110.3783945,restaurant,gunungkidul
Soto,-7.9126913,110.5551469,restaurant,gunungkidul
Mie Bonafide,-7.7869927,110.3737176,restaurant,gunungkidul
Sop Ayam Pak Min Klaten,-7.788306,110.3735082,restaurant,gunungkidul
Soto Ayam Pak B Sidokabul,-7.8204099,110.3794672,restaurant,gunungkidul
Ayam Geprek dan Prasmanan,-7.7862291,110.3711677,restaurant,gunungkidul
Warung Makan Ibu Sofi Darsim,-7.784819,110.3759911,restaurant,gunungkidul
Nasi Goreng Mas Tarman,-7.7878417,110.3723956,restaurant,gunungkidul
Kantin OK,-7.787876,110.3778171,restaurant,gunungkidul
Sate Ayam Pak Amat,-7.785113,110.3749056,restaurant,gunungkidul
Warung Bakmi Ngangeni,-7.7882086,110.3785368,restaurant,gunungkidul
Oseng-oseng Mercon Bu Narti,-7.7875926,110.3734217,restaurant,gunungkidul
Angkringan Barokah,-7.7882815,110.37854,restaurant,gunungkidul
Soto Ayam Code - Mak Sri,-7.7867906,110.3685273,restaurant,gunungkidul
Warung Makan Sederhana,-7.7874986,110.3797644,restaurant,gunungkidul
Penyetan Moe,-7.7873407,110.379339,restaurant,gunungkidul
Warmindo,-7.7873594,110.3793843,restaurant,gunungkidul
Rumah Makan Baru,-7.7873159,110.3792327,restaurant,gunungkidul
Warmindo,-7.7869694,110.3787339,restaurant,gunungkidul
Bubur Ayam Kotabaru,-7.7842858,110.3755722,restaurant,gunungkidul
Tuscan,-7.783522,110.3792448,restaurant,gunungkidul
Gudeg Mirasa,-7.783317,110.3792771,restaurant,gunungkidul
Kebab Bosman,-7.7850401,110.379017,restaurant,gunungkidul
Angkringan,-7.7883922,110.3755875,restaurant,gunungkidul
Doniteni,-7.7874405,110.3796057,restaurant,gunungkidul
Warung Makan Pak Lay,-7.7875036,110.3802238,restaurant,gunungkidul
Rumah Makan Jagad Kriuk,-7.7860918,110.3823788,restaurant,gunungkidul
Nasi Liwet Solo Wong Lemu,-7.7860864,110.3824909,restaurant,gunungkidul
Lumpia Rebung Bu Tatik,-7.7860982,110.3823283,restaurant,gunungkidul
Sego Pecel Blora Dhong Jati,-7.7860863,110.3828769,restaurant,gunungkidul
Nasi Goreng Kambing,-7.7860866,110.3824294,restaurant,gunungkidul
Bakso Urat Soringin Arema,-7.7860877,110.3825765,restaurant,gunungkidul
Nasi Brongkos Bu Rahman,-7.7879963,110.3772867,restaurant,gunungkidul
Ayam Bakar & Penyetan,-7.7862143,110.3821928,restaurant,gunungkidul
Soto Langensari,-7.7862633,110.3821481,restaurant,gunungkidul
Siomay & Batagor,-7.7862404,110.3821602,restaurant,gunungkidul
Waruga Warmindo - Burjo,-7.782868,110.3793796,restaurant,gunungkidul
Ka Story,-7.7825159,110.3793919,restaurant,gunungkidul
Sae Chicken - Warung 543,-7.7836891,110.3792365,restaurant,gunungkidul
Mie Aceh - Duta Serambi,-7.7827734,110.3793417,restaurant,gunungkidul
Mikuya,-7.782423,110.3793968,restaurant,gunungkidul
Mie Ayam Kobar Jaya,-7.7872179,110.3709391,restaurant,gunungkidul
Bakso dan Mie Ayam Yatmin,-7.7882117,110.3773379,restaurant,gunungkidul
Warung Makan Bu Uli,-7.7890903,110.3765167,restaurant,gunungkidul
Mie Ayam Asalam,-7.7861972,110.3758595,restaurant,gunungkidul
Soto Ayam,-7.7863022,110.3761118,restaurant,gunungkidul
Siomay Kotabaru,-7.7859728,110.3747143,restaurant,gunungkidul
Angkringan,-7.7861119,110.3754528,restaurant,gunungkidul
Warung Goyang Lidah,-7.7862229,110.3761391,restaurant,gunungkidul
De Celine Restaurant & Patisserie,-7.7859347,110.3718056,restaurant,gunungkidul
Cafe Warung Idhe Tentang Rasa,-7.7911189,110.446671,restaurant,gunungkidul
Soto Bathok kebon,-7.8028555,110.4450155,restaurant,gunungkidul
Djawara Bakso & Mie Ayam,-7.7911091,110.4464554,restaurant,gunungkidul
Ayam Goreng Suharti,-7.783068,110.4133512,restaurant,gunungkidul
Olive Fried Chicken,-7.7820246,110.450424,restaurant,gunungkidul
Chunda,-7.7838165,110.4184724,restaurant,gunungkidul
Thyme,-7.7829614,110.4059256,restaurant,gunungkidul
Mie Ayam Bakso,-7.7902673,110.4828419,restaurant,gunungkidul
Yogya Chicken,-7.7932553,110.4828597,restaurant,gunungkidul
Warung PBS,-7.7881533,110.4845777,restaurant,gunungkidul
Sop Ayam,-7.7927826,110.4828499,restaurant,gunungkidul
Angkringan Siji,-7.7885333,110.4848923,restaurant,gunungkidul
Burjo Gapuro,-7.792398,110.4792335,restaurant,gunungkidul
Lesehan Mantap Jiwa,-7.7871897,110.4824252,restaurant,gunungkidul
Resto Maduroso,-7.7919264,110.4825985,restaurant,gunungkidul
Mie Ayam Bakso Farhan 2,-7.7860346,110.4827666,restaurant,gunungkidul
Rocket Chicken,-7.9139297,110.555385,restaurant,gunungkidul
Warung Simbok,-7.9297951,110.56755,restaurant,gunungkidul
Griya Dhahar,-7.8777311,110.5421598,restaurant,gunungkidul
SalSari Resto & Cafe,-7.9391113,110.576351,restaurant,gunungkidul
Bale Ngaso,-7.8560028,110.4986609,restaurant,gunungkidul
Angkringan Pak Siwo,-7.8598273,110.508926,restaurant,gunungkidul
Bakso Mie Ayam Cak Irin,-7.9418279,110.5783551,restaurant,gunungkidul
Mie Ayam Bakso Mas IBNU,-8.0429781,110.8146516,restaurant,gunungkidul
Lesehan Dua Kembar,-7.9854043,110.6240579,restaurant,gunungkidul
Warung Makan,-7.8596222,110.5087312,restaurant,gunungkidul
Yu Djum Pusat,-7.9104509,110.5544219,restaurant,gunungkidul
Baskom,-7.9390973,110.5755819,restaurant,gunungkidul
Sani Rasa,-7.9429227,110.5792689,restaurant,gunungkidul
Lesehan Dinda Dewi,-7.8768215,110.5329669,restaurant,gunungkidul
Bakso Kembar,-8.0287124,110.8211028,restaurant,gunungkidul
Rest Area Tombo Ngelih,-7.8571211,110.5036927,restaurant,gunungkidul
Griya Dahar Mbah Bagong,-7.9818026,110.6174184,restaurant,gunungkidul
Omah Tabon,-7.8767899,110.5385538,restaurant,gunungkidul
Sego Berkat,-7.9875874,110.6285829,restaurant,gunungkidul
Bakso Mie Ayam,-8.0254142,110.7692891,restaurant,gunungkidul
Mie Ayam Bakso Lumintu,-8.0519076,110.8099414,restaurant,gunungkidul
Bakso Mie Ayam,-7.8634258,110.5114463,restaurant,gunungkidul
Rocket Chicken,-8.0520513,110.8098851,restaurant,gunungkidul
Rm. Tuah Sayo,-7.9795842,110.6146206,restaurant,gunungkidul
Bu Shinta,-7.9264464,110.5641041,restaurant,gunungkidul
Rocket Chicken,-7.9986072,110.6533722,restaurant,gunungkidul
Rumah Makan Berlian,-7.9998052,110.7084039,restaurant,gunungkidul
Ayam Geprek Sa'i,-7.9717501,110.6064831,restaurant,gunungkidul
Bakso Lek No,-7.869284,110.5194335,restaurant,gunungkidul
Soto Mbah Prapto,-7.8733199,110.5278202,restaurant,gunungkidul
Warung Makan Mie Ayam Goreng,-7.867455,110.5174509,restaurant,gunungkidul
Warung Pecel Lele Mbak Novi,-7.872596,110.5265009,restaurant,gunungkidul
Lek Dar,-7.9286441,110.5669784,restaurant,gunungkidul
Warung Makan Penyetan,-7.8706616,110.523462,restaurant,gunungkidul
Pawon Alas,-7.8927561,110.5473697,restaurant,gunungkidul
Warung Makan Trimo Mie Ayam Bakso,-7.8881845,110.5457239,restaurant,gunungkidul
Wingking Cafe,-7.7868911,110.4635153,restaurant,gunungkidul
Ikan Bakar Sumilir,-7.807886,110.4435657,restaurant,gunungkidul
Sate Kambing Muda Restu Ibu,-7.7920977,110.4460195,restaurant,gunungkidul
BeNaDa,-7.8163902,110.4426633,restaurant,gunungkidul
Bakso Urat Sapi Ambarrukmo,-7.8047481,110.4443249,restaurant,gunungkidul
Gudeg Bu Tiwik,-7.8341372,110.3878483,restaurant,gunungkidul
Selawase Resto & Wedangan,-7.7880633,110.3628181,restaurant,gunungkidul
Bakmi Kadin 2,-7.8025,110.3727784,restaurant,gunungkidul
Cafe Loteng,-7.7829404,110.3964904,restaurant,gunungkidul
Angkringan,-7.7889396,110.3742931,restaurant,gunungkidul
Pecel Lele Mbak Nanda,-7.7889422,110.3742564,restaurant,gunungkidul
Warung Toscana,-7.8191365,110.371142,restaurant,gunungkidul
Omah Dhahar Watu Genthong,-7.7930087,110.4585588,restaurant,gunungkidul
Bakso Urat Kampung Emas,-7.8670389,110.5436345,restaurant,gunungkidul
Bandung Fried Chicken 234,-7.7854465,110.3853432,restaurant,gunungkidul
Zona Seafood,-7.7895536,110.3701822,restaurant,gunungkidul
Pizza Hut,-7.8019188,110.3796927,restaurant,gunungkidul
Kedai Suru Pitoe,-7.8182688,110.4650045,restaurant,gunungkidul
Kedai Karang Kedempel,-7.8117073,110.4654679,restaurant,gunungkidul
Raminten 3,-7.7991485,110.3647975,restaurant,gunungkidul
H.Slamet,-7.7963087,110.3566625,restaurant,gunungkidul
Pempek Ny. Kamto,-7.7974397,110.3647166,restaurant,gunungkidul
Pempek Ny. Kamto,-7.7973969,110.3646307,restaurant,gunungkidul
Warung Nguri Uri,-7.7917681,110.3652336,restaurant,gunungkidul
Tengkleng Bhenjoyo,-7.8028052,110.3656117,restaurant,gunungkidul
ayam goreng bu tini,-7.8013633,110.3736936,restaurant,gunungkidul
sate padang naj sharil,-7.8017191,110.3748664,restaurant,gunungkidul
Soto Ijo Monjali,-7.7864755,110.3629017,restaurant,gunungkidul
Karta,-7.7935918,110.3659244,restaurant,gunungkidul
Zabunch,-7.8193413,110.3728174,restaurant,gunungkidul
Pempek & Siomay Ulu Banjar,-7.7833808,110.4016217,restaurant,gunungkidul
Easy Groovy,-7.8193036,110.3724886,restaurant,gunungkidul
Pedas api,-7.8145177,110.3678489,restaurant,gunungkidul
Stairs,-7.8191368,110.3697009,restaurant,gunungkidul
Bedjo Mie Ayam Bakso Batas Kota,-7.782962,110.3906683,restaurant,gunungkidul
Burjo Borneo,-7.789082,110.3933976,restaurant,gunungkidul
"Rumah Makan ""Kondang Jaya""",-7.7962566,110.365046,restaurant,gunungkidul
Tjemara Noodle Bar,-7.8199821,110.3707153,restaurant,gunungkidul
Joffi Ramen,-7.8200049,110.3709022,restaurant,gunungkidul
Jawa Timur Resto,-7.8189366,110.3681857,restaurant,gunungkidul
Dapur Sambal,-7.8031499,110.3663213,restaurant,gunungkidul
Roka Ramen,-7.8173421,110.3811809,restaurant,gunungkidul
Bakso Tetelan Ambasador,-7.7829935,110.3835275,restaurant,gunungkidul
Indomie Bangladesh Bang Dwi,-7.7831358,110.3833811,restaurant,gunungkidul
Black Forest Cafe,-7.8194094,110.3682402,restaurant,gunungkidul
"Kedai Kebun Arts, Plants & Kitchen",-7.8181593,110.3628179,restaurant,gunungkidul
Warung Soto Mbah Darmi,-7.790646,110.4578251,restaurant,gunungkidul
Nasi Goreng TBK,-7.7828322,110.3794244,restaurant,gunungkidul
Monalisa Burger,-7.819783,110.3730567,restaurant,gunungkidul
Pawon Semar,-7.7963504,110.4652657,restaurant,gunungkidul
Kasmaran,-7.7950715,110.3654211,restaurant,gunungkidul
Pawon Kremesan Budhé,-7.8291341,110.3798478,restaurant,gunungkidul
Solaria,-7.7906132,110.3659882,restaurant,gunungkidul
Wizzmie,-7.7826066,110.3914036,restaurant,gunungkidul
City Grill,-7.8194988,110.3681692,restaurant,gunungkidul
Sekar Pizza,-7.8187959,110.3666073,restaurant,gunungkidul
Masama,-7.8187394,110.3647457,restaurant,gunungkidul
Chicken Shack,-7.8185648,110.3661823,restaurant,gunungkidul
Gudeg Yu Djum,-7.8044999,110.3667968,restaurant,gunungkidul
Gudeg Yu Djum,-7.8045266,110.366767,restaurant,gunungkidul
Bakmi Jowo,-7.805098,110.3648745,restaurant,gunungkidul
Special Bakmi dan Nasi Goreng,-7.8052657,110.3652756,restaurant,gunungkidul
Bale Raos,-7.8084916,110.3631225,restaurant,gunungkidul
House of Raminten,-7.7851589,110.3715184,restaurant,gunungkidul
tengkleng bhendjoyo kraton,-7.8027932,110.3656104,restaurant,gunungkidul
ge0fee,-7.7903094,110.363241,restaurant,gunungkidul
Yamie Singkawang,-7.8141018,110.3685087,restaurant,gunungkidul
Lele Crispy & Lele Geprek Mba Reva,-7.8239557,110.3621637,restaurant,gunungkidul
Depot Sintaka,-7.7824524,110.3656192,restaurant,gunungkidul
KALIKCA Ayam Geprek & Rice Bowl,-7.9960882,110.6487558,restaurant,gunungkidul
The Angkringan Resto KANATA BEEBAKARANT,-7.964908,110.6079114,restaurant,gunungkidul
Selarasa,-7.7989182,110.3626302,restaurant,gunungkidul
Prameswari Resto & Kopi,-7.7836447,110.4124637,restaurant,gunungkidul
Dapur Memayu Ngampilan,-7.7964061,110.3566512,restaurant,gunungkidul
Lesung,-7.7844383,110.5140468,restaurant,gunungkidul
Bakmi Jowo Mbah Gito,-7.8132945,110.3971573,restaurant,gunungkidul
Sate Kambing,-7.8620185,110.5404047,restaurant,gunungkidul
Bakwan Kawi 'DekNuna',-7.7820612,110.3707564,restaurant,gunungkidul
Haiwang Chinese Food,-7.9736826,110.5903678,restaurant,gunungkidul
Cething Jawa Tea & Resto,-7.9783729,110.5934602,restaurant,gunungkidul
Rumah Makan Sinar Minang,-7.7919691,110.386189,restaurant,gunungkidul
Warung Sorwit,-7.7871271,110.378718,restaurant,gunungkidul
Rumah Makan Adem Ayem,-7.7842823,110.3666127,restaurant,gunungkidul
Rumah Makan Bebek Goreng H.Slamet,-7.7838292,110.3666891,restaurant,gunungkidul
Bosanova Bilyard,-7.8088983,110.3711541,restaurant,gunungkidul
Taru Martani 1918 Coffee & Resto,-7.7911389,110.3812528,restaurant,gunungkidul
Omah Baciro,-7.7943754,110.3815821,restaurant,gunungkidul
Dapur Manado,-7.7912548,110.3848444,restaurant,gunungkidul
Mie Ayam Grabyas,-7.7888209,110.3766356,restaurant,gunungkidul
Superman,-7.7912041,110.3650423,restaurant,gunungkidul
Mahkota,-7.7963367,110.3642139,restaurant,gunungkidul
Pizza Hut,-7.7825977,110.3736409,restaurant,gunungkidul
Kantin Mawar,-7.7823942,110.4150097,restaurant,gunungkidul
Mie Ayam Bandung 59,-7.7832918,110.4310241,restaurant,gunungkidul
Ndalem Ngabean Resto,-7.8101593,110.3620934,restaurant,gunungkidul
Ndalem Ngabean,-7.8102129,110.3623925,restaurant,gunungkidul
Bale Raos,-7.8084809,110.3631104,restaurant,gunungkidul
ViaVia,-7.8193656,110.3714514,restaurant,gunungkidul
Mie Pelangi,-7.7896524,110.3733002,restaurant,gunungkidul
Angkringan Edylova,-7.789344,110.3738905,restaurant,gunungkidul
Soto Pak Sholeh,-7.7878869,110.3733302,restaurant,gunungkidul
Soyo Ayam Gamalama,-7.7891006,110.3730591,restaurant,gunungkidul
Sabana Fried Chicken,-7.7890882,110.3731177,restaurant,gunungkidul
Zona Fried Chicken,-7.8076809,110.4020419,restaurant,gunungkidul
Bakmi & Nais Goreng,-7.7848707,110.4780014,restaurant,gunungkidul
Warung Soto Ayam Bu Darmi,-7.7898108,110.4730579,restaurant,gunungkidul
Angkringan Janto,-7.7923641,110.4721268,restaurant,gunungkidul
Angkringan Cak Agus,-7.7910565,110.4727186,restaurant,gunungkidul
Warung Bu Ismi,-7.790188,110.4723884,restaurant,gunungkidul
M. Arifin,-7.7936473,110.4700264,restaurant,gunungkidul
Bakso Kojek Demit,-7.7896126,110.4859795,restaurant,gunungkidul
Bakso Solo,-7.7891949,110.4856573,restaurant,gunungkidul
Lotek Mbah Bu,-7.7884692,110.4851715,restaurant,gunungkidul
Lesehan PBS Penyet Belut Surabaya,-7.7888545,110.4824169,restaurant,gunungkidul
Dapur Zuzzan Kepiting Tampah,-7.7872495,110.4828313,restaurant,gunungkidul
Mie Ayam dan Bakso Pak Dul,-7.7900438,110.4828809,restaurant,gunungkidul
Bakmi Tan Grejo,-7.7932341,110.4838184,restaurant,gunungkidul
Sate Biawak Pak Tembong,-7.7893661,110.4790226,restaurant,gunungkidul
"Depot Dahar ""Bu Tuk""",-7.801939,110.3782744,restaurant,gunungkidul
Pondok Bakaran - Giwangan,-7.8297623,110.390115,restaurant,gunungkidul
Warmindo Ardhana,-7.7904003,110.3864755,restaurant,gunungkidul
Gudeg Djoyo,-7.8036743,110.4023315,restaurant,gunungkidul
Volcano,-7.7915726,110.3650228,restaurant,gunungkidul
Rocket Chicken,-7.8212026,110.4007156,restaurant,gunungkidul
Grobbak Korea Jogja,-7.8176027,110.3894669,restaurant,gunungkidul
Mie Ayam Bakso,-7.8430974,110.592149,restaurant,gunungkidul
Kantin Polbangtan,-7.8038649,110.3825353,restaurant,gunungkidul
Watu Langit,-7.7912025,110.5187155,restaurant,gunungkidul
Secret Garden Jogja,-7.8002354,110.3541992,restaurant,gunungkidul
Resto HeHa sky view,-7.8484806,110.4785863,restaurant,gunungkidul
Duta Minang,-7.7830522,110.413884,restaurant,gunungkidul
Pizza Hut,-7.7829331,110.4074015,restaurant,gunungkidul
Bakmi Mbah Gito,-7.813242,110.3971312,restaurant,gunungkidul
Kopi Pojok Omah Nongkrong Berbah,-7.8050705,110.4553215,restaurant,gunungkidul
Resto HeHa sky view,-7.849433,110.4781685,restaurant,gunungkidul
Taru Martani 1918 Coffee & Resto,-7.7908548,110.381273,restaurant,gunungkidul
Omah Godhong Kelor,-7.9570466,110.6608524,restaurant,gunungkidul
Taru Martani 1918 Coffee & Resto,-7.790726,110.3819498,restaurant,gunungkidul
Kopi Jos,-7.788877,110.365722,cafe,kota_yogyakarta
Melu Cafe,-7.7844877,110.3748777,cafe,kota_yogyakarta
Homestay Ndalem MJ,-7.8206242,110.3659364,cafe,kota_yogyakarta
Susu Kedelai,-7.7816362,110.3625475,cafe,kota_yogyakarta
Angkringan Pak Hari,-7.8093589,110.3771775,cafe,kota_yogyakarta
Internet cafe,-7.822373,110.3615389,cafe,kota_yogyakarta
Waroeng Surya,-7.8003872,110.3959924,cafe,kota_yogyakarta
Kedai Kanjeng Mami,-7.8163796,110.3623317,cafe,kota_yogyakarta
Mooi's Kitchen,-7.7803677,110.3733949,cafe,kota_yogyakarta
Pier 14 Coffee,-7.7869399,110.361719,cafe,kota_yogyakarta
Tea Factory,-7.7864131,110.362908,cafe,kota_yogyakarta
Angkringan KR Yogyakarta,-7.785619,110.3668128,cafe,kota_yogyakarta
Silol Cafe,-7.7843162,110.3746544,cafe,kota_yogyakarta
Kopi Bule,-7.785142,110.3735987,cafe,kota_yogyakarta
Kallula,-7.7844351,110.3727692,cafe,kota_yogyakarta
Legend Cafe,-7.78813,110.3730222,cafe,kota_yogyakarta
Starbucks,-7.7949429,110.3656557,cafe,kota_yogyakarta
Alun Alun Cafe,-7.8118304,110.3650558,cafe,kota_yogyakarta
Chatime,-7.7832759,110.3746782,cafe,kota_yogyakarta
Cokelat Dalem shop,-7.7995578,110.3620683,cafe,kota_yogyakarta
Heiho Loewak Coffee,-7.8096392,110.3610681,cafe,kota_yogyakarta
Dangan,-7.7915584,110.3647608,cafe,kota_yogyakarta
Icipono,-7.8136966,110.3686837,cafe,kota_yogyakarta
Just Juice,-7.8112659,110.3689481,cafe,kota_yogyakarta
Angkringan Gondrong,-7.8138188,110.3605561,cafe,kota_yogyakarta
Kiosk,-7.8187146,110.3682027,cafe,kota_yogyakarta
Omah Roti Sidomukti,-7.8067428,110.36117,cafe,kota_yogyakarta
The Civet house,-7.7900657,110.3637109,cafe,kota_yogyakarta
Raden Susu,-7.8078578,110.359174,cafe,kota_yogyakarta
Kopi Aceh,-7.805097,110.3655198,cafe,kota_yogyakarta
Lawas Café,-7.8201356,110.371987,cafe,kota_yogyakarta
SubStansi,-7.8206857,110.3731912,cafe,kota_yogyakarta
Sellie coffee,-7.8202523,110.3719679,cafe,kota_yogyakarta
Believe Coffee,-7.8197785,110.3674541,cafe,kota_yogyakarta
Java Juice,-7.8066245,110.36031,cafe,kota_yogyakarta
Pako Coffee,-7.8148959,110.3626498,cafe,kota_yogyakarta
Salami Kopi,-7.7908887,110.3640392,cafe,kota_yogyakarta
Maison Daruma,-7.7977161,110.3926953,cafe,kota_yogyakarta
Loko Cafe,-7.7902609,110.3754232,cafe,kota_yogyakarta
Jokteng,-7.8154613,110.3682879,cafe,kota_yogyakarta
SUA Coffee,-7.7939951,110.3647837,cafe,kota_yogyakarta
Ajaiba,-7.7991429,110.3629028,cafe,kota_yogyakarta
Starbucks,-7.7951464,110.3654214,cafe,kota_yogyakarta
Cup of Java (luwak kopi),-7.809716,110.3589076,cafe,kota_yogyakarta
Awor Gallery & Coffee,-7.780282,110.3734817,cafe,kota_yogyakarta
Starbucks,-7.7949335,110.365458,cafe,kota_yogyakarta
Starbucks,-7.7826063,110.3791029,cafe,kota_yogyakarta
Omah Kopi Loewak,-7.8090233,110.3621536,cafe,kota_yogyakarta
Tirana art house & kitchen,-7.8177449,110.3574554,cafe,kota_yogyakarta
Ruang Seduh,-7.8192176,110.369969,cafe,kota_yogyakarta
Kopi Pakpos,-7.8016447,110.3652865,cafe,kota_yogyakarta
Kebon Ndalem,-7.7825535,110.3668646,cafe,kota_yogyakarta
Dimsum Sembilan Naga,-7.7881903,110.3723525,cafe,kota_yogyakarta
Jeeva Cafe,-7.7848099,110.3753937,cafe,kota_yogyakarta
Awor Cafe,-7.7870483,110.3787277,cafe,kota_yogyakarta
Simetri Cafe,-7.7842538,110.3742482,cafe,kota_yogyakarta
Bincang Kopi,-7.7780601,110.3759366,cafe,kota_yogyakarta
Loko Coffee Shop,-7.7897939,110.3659966,cafe,kota_yogyakarta
Kopi Kemarin,-7.787066,110.3722044,cafe,kota_yogyakarta
Jnawi,-7.7857584,110.3759922,cafe,kota_yogyakarta
Janji Jiwa,-7.7833638,110.3750572,cafe,kota_yogyakarta
Threesna Cafe,-7.78753,110.3798397,cafe,kota_yogyakarta
Coolhands,-7.7885708,110.3776305,cafe,kota_yogyakarta
Mixue,-7.7831038,110.3807816,cafe,kota_yogyakarta
Isvara,-7.801965,110.3799505,cafe,kota_yogyakarta
Anak Panah Kopi,-7.7872561,110.3530087,cafe,kota_yogyakarta
Ruang Jaka Coffee & Free Wifi,-7.8078152,110.3588767,cafe,kota_yogyakarta
Cold'n Brew,-7.8233848,110.3678751,cafe,kota_yogyakarta
Pendopo Malioboro,-7.8028125,110.3657753,cafe,kota_yogyakarta
Satu Lokasi,-7.7852529,110.3760799,cafe,kota_yogyakarta
Kafe Le Solé,-7.780871,110.3775615,cafe,kota_yogyakarta
akkar Juice Bar,-7.811278,110.376791,cafe,kota_yogyakarta
Dropshot Espresso Bar,-7.8193423,110.3730208,cafe,kota_yogyakarta
Angkringan Lempungwangi,-7.7958976,110.372744,cafe,kota_yogyakarta
Omah Mapan Coworking Space & Cafe,-7.8068599,110.3900862,cafe,kota_yogyakarta
Chatime,-7.7970891,110.3651447,cafe,kota_yogyakarta
Mixue,-7.7859966,110.3524526,cafe,kota_yogyakarta
Atomic,-7.8185143,110.3658149,cafe,kota_yogyakarta
House of Chocolate Monggo & Gelato Tirtodipuran,-7.8184588,110.3635121,cafe,kota_yogyakarta
Coklat Cafe,-7.7788873,110.3753968,cafe,kota_yogyakarta
TUKU - Kotabaru,-7.785612,110.3739764,cafe,kota_yogyakarta
The Capsule,-7.7914592,110.364819,cafe,kota_yogyakarta
Tugu Lor,-7.7743483,110.3682132,cafe,kota_yogyakarta
Bolo Space,-7.7886245,110.3723604,cafe,kota_yogyakarta
Crônica Workspace,-7.7755521,110.3681848,cafe,kota_yogyakarta
Tanamera Coffee Indonesia,-7.7825671,110.3676318,cafe,kota_yogyakarta
Domore Cafe,-7.7796768,110.3769541,cafe,kota_yogyakarta
Couvee Reside,-7.7812392,110.3774213,cafe,kota_yogyakarta
GeBack,-7.7796962,110.3768438,cafe,kota_yogyakarta
TETRA Coffe & Eatery,-7.7803164,110.3779374,cafe,kota_yogyakarta
WZONE (Gym & Cafe),-7.8164264,110.3859337,cafe,kota_yogyakarta
Arka Coffee and Space,-7.810014,110.3603009,cafe,kota_yogyakarta
Longkang Kotagede,-7.831188,110.4000455,cafe,kota_yogyakarta
Tuan Muda Kafe,-7.8032713,110.3514533,cafe,kota_yogyakarta
Jeyahara,-7.7809693,110.3758375,cafe,kota_yogyakarta
Lekker Je,-7.7792105,110.3757915,cafe,kota_yogyakarta
Cafe Manuk Londho,-7.7918639,110.3721848,cafe,kota_yogyakarta
Ketemu Kopi & Roastery,-7.8206147,110.3620298,cafe,kota_yogyakarta
Warung Djawi,-7.826945,110.3989319,cafe,kota_yogyakarta
Warung Kopi Semesta,-7.7896591,110.3699654,cafe,kota_yogyakarta
Starbucks,-7.7834635,110.3870455,cafe,kota_yogyakarta
Kuliner Dermaga Cinta,-7.8303987,110.3936471,cafe,kota_yogyakarta
Indomaret,-7.7747631,110.3611163,convenience,kota_yogyakarta
Indomaret,-7.7807059,110.3610802,convenience,kota_yogyakarta
Indomaret,-7.7815015,110.3523723,convenience,kota_yogyakarta
Alfamart,-7.7733005,110.3682111,convenience,kota_yogyakarta
Alfamart,-7.7733154,110.3679778,convenience,kota_yogyakarta
Indomaret,-7.7802371,110.3755108,convenience,kota_yogyakarta
Indomaret Fresh,-7.7767676,110.3721303,convenience,kota_yogyakarta
Indomaret,-7.7745317,110.3681332,convenience,kota_yogyakarta
Vegie House,-7.7817908,110.3616568,convenience,kota_yogyakarta
Indomaret,-7.77682,110.3721411,convenience,kota_yogyakarta
Papa Rons Pizza,-7.7795662,110.3670879,restaurant,kota_yogyakarta
Gudeg Djoeminten,-7.7815487,110.3625314,restaurant,kota_yogyakarta
Burjo Lor,-7.7760359,110.3525102,restaurant,kota_yogyakarta
Bungong Jeumpa,-7.7780098,110.3644388,restaurant,kota_yogyakarta
Java Poetry,-7.7803248,110.3760422,restaurant,kota_yogyakarta
Pondok Makan Bu Mardi,-7.7818893,110.3752658,restaurant,kota_yogyakarta
Warung Makan Amunasi,-7.7816819,110.3794195,restaurant,kota_yogyakarta
Sushiruma,-7.7815735,110.3794209,restaurant,kota_yogyakarta
Warung 27,-7.7766031,110.3759177,restaurant,kota_yogyakarta
Bubur Ayam Jakarta,-7.777929,110.3758632,restaurant,kota_yogyakarta
Warung Makan DPR,-7.777716,110.3758917,restaurant,kota_yogyakarta
Warmindo Sumber Vitamin,-7.776414,110.3759234,restaurant,kota_yogyakarta
Warmindo,-7.7778615,110.3757179,restaurant,kota_yogyakarta
Nasi Uduk Uni Al,-7.7764892,110.3759239,restaurant,kota_yogyakarta
Warung Pak Jon,-7.777821,110.3758774,restaurant,kota_yogyakarta
Lingua eatery and coffee,-7.7774733,110.3607966,restaurant,kota_yogyakarta
Gudeg Yu Djum,-7.7708988,110.3682465,restaurant,kota_yogyakarta
Nikkou Ramen,-7.7725222,110.3681855,restaurant,kota_yogyakarta
Bakso & Mie Ayam Pak Togok,-7.779173,110.3839326,restaurant,kota_yogyakarta
5758 Mie Ayam Ceker,-7.7804403,110.3786863,restaurant,kota_yogyakarta
Geprek Bang Vijay,-7.7806951,110.3702326,restaurant,kota_yogyakarta
FAVOR Patisserie Pizzeria & Eatery,-7.7783039,110.3734969,restaurant,kota_yogyakarta
Burjo Borneo,-7.7788569,110.3801862,restaurant,kota_yogyakarta
Geprek Bang Vijay,-7.780674,110.370303,restaurant,kota_yogyakarta
Garasi 56,-7.7819584,110.3636078,restaurant,kota_yogyakarta
Backyard Smoke and Buns,-7.7809245,110.3620479,restaurant,kota_yogyakarta
Kalis Kitchen,-7.78037,110.3767006,restaurant,kota_yogyakarta
Penyetan Pakman,-7.7705444,110.3589481,restaurant,kota_yogyakarta
Arun 78,-7.7815153,110.3622174,restaurant,kota_yogyakarta
Ronde RaDen,-7.7812166,110.3607656,restaurant,kota_yogyakarta
Pondok Cabe,-7.777062,110.3736967,restaurant,kota_yogyakarta
Soto Kudus Pak Dewo,-7.7769841,110.374138,restaurant,kota_yogyakarta
Papa Rons Pizza,-7.7796833,110.3671509,restaurant,kota_yogyakarta
XTra Hot,-7.7767703,110.3742304,restaurant,kota_yogyakarta
Bumbu Desa,-7.7802111,110.3771464,restaurant,kota_yogyakarta
Gado Gado dan Lotek Bu Bagyo,-7.7803661,110.3785774,restaurant,kota_yogyakarta
BellyWise,-7.780401,110.3771306,restaurant,kota_yogyakarta
Burjo Kidul,-7.780125,110.3519954,restaurant,kota_yogyakarta
Sei Sapi Bone,-7.7773116,110.360914,restaurant,kota_yogyakarta
The Smith Caffe,-7.7098579,110.0127367,cafe,kulon_progo
D'WEDHANK WISATA SUROLOYO,-7.6472978,110.1802021,cafe,kulon_progo
Kopi Ampirono,-7.7502655,110.1912738,cafe,kulon_progo
Cozy Coffee Corner Purworejo,-7.7123664,110.011234,cafe,kulon_progo
Kopi Ampirono,-7.75014,110.1915045,cafe,kulon_progo
Kedai Kopi Gong Kulon Progo,-7.7177708,110.221719,cafe,kulon_progo
RIZ BAKERY & CAFE,-7.6603553,110.1570444,cafe,kulon_progo
PAWON WIDOSARI,-7.6567428,110.1475931,cafe,kulon_progo
Angkringan Mbak Sum,-7.6930097,110.0323958,cafe,kulon_progo
Starbucks,-7.8999209,110.0579842,cafe,kulon_progo
Karsa Cafe,-7.8680352,110.1550436,cafe,kulon_progo
D'Srupat Sruput,-7.8582467,110.1586903,cafe,kulon_progo
Bendosari Kopi,-7.7931979,110.2577487,cafe,kulon_progo
Alfamart,-7.8869587,110.0765831,convenience,kulon_progo
Alfamart,-7.8837405,110.1094163,convenience,kulon_progo
Indomaret,-7.9007765,110.0597524,convenience,kulon_progo
BiB Mart,-7.8752934,110.2317773,convenience,kulon_progo
Toko Sugito,-7.87446,110.2423111,convenience,kulon_progo
Toko GD,-7.8743057,110.2423111,convenience,kulon_progo
AM Mart,-7.7664443,110.2084575,convenience,kulon_progo
Tomira Nanggulan,-7.765959,110.2097688,convenience,kulon_progo
Indomaret Sentolo,-7.834364,110.220604,convenience,kulon_progo
Tomira (Indomaret) Sentolo,-7.8268034,110.2239572,convenience,kulon_progo
Alfamart,-7.8869833,110.0765726,convenience,kulon_progo
Alfamart,-7.857692,110.1469293,convenience,kulon_progo
Toko Qita & Pawkan Petshop,-7.8764683,110.1742229,convenience,kulon_progo
Warung,-7.807343,110.1291644,restaurant,kulon_progo
Romansa Kuliner,-7.7148774,110.0086402,restaurant,kulon_progo
Warung,-7.7666747,110.1159859,restaurant,kulon_progo
burjo,-7.824972,110.2293405,restaurant,kulon_progo
Kedai Kopi Pari,-7.7620365,110.1205538,restaurant,kulon_progo
Rumah Makan Ayam Goreng Laos,-7.711689,110.0084036,restaurant,kulon_progo
Bebek Goreng H. Slamet,-7.7133255,110.010622,restaurant,kulon_progo
Soto Semarang,-7.7132766,110.015364,restaurant,kulon_progo
Ayam Geprek Move On,-7.7136546,110.0142434,restaurant,kulon_progo
Sop KBM Purworejo,-7.7249042,110.0239326,restaurant,kulon_progo
Pangena Family Resto & Coffee Shop,-7.7232706,110.0048211,restaurant,kulon_progo
Warung Lesehan Mbak Tin,-7.7257353,110.0038764,restaurant,kulon_progo
Resto & Cafe H. Dargo,-7.7261416,110.0036982,restaurant,kulon_progo
Sambel Layah Purworejo,-7.7245345,110.0049182,restaurant,kulon_progo
Bakso & Mi Ayam Ceker Mas Nano,-7.7064119,110.0081165,restaurant,kulon_progo
Soto Salur Bu Mul,-7.7087503,110.0123217,restaurant,kulon_progo
Soto Kharisma,-7.7156576,110.0151884,restaurant,kulon_progo
Salero Minang Group,-7.7113903,110.0085899,restaurant,kulon_progo
Oye Oye Pizza and Platter,-7.7111923,110.0082895,restaurant,kulon_progo
Keik Tape 57 Purworejo,-7.7098727,110.0068706,restaurant,kulon_progo
Bebek Goreng Pak H.Dargo,-7.7084427,110.0115967,restaurant,kulon_progo
Bakmi Jowo Mas Yono,-7.7229762,110.0234225,restaurant,kulon_progo
Sate Tambak,-7.7199914,110.0242943,restaurant,kulon_progo
Bakso Rudal,-7.7152749,110.0188319,restaurant,kulon_progo
Warung Makan Reny,-7.7133466,110.0159325,restaurant,kulon_progo
Gendhis Resto,-7.8193809,110.1209326,restaurant,kulon_progo
Terasloka,-7.8472975,110.2157772,restaurant,kulon_progo
Kopi Mego,-7.761378,110.1180914,restaurant,kulon_progo
Ayam Goreng Bu Hartin,-7.8913023,110.1241812,restaurant,kulon_progo
Geblek Menoreh View,-7.7495962,110.2060595,restaurant,kulon_progo
Warung Makan Lesehan Bu Bono,-7.7528765,110.2069735,restaurant,kulon_progo
Geblek Pari,-7.7458118,110.2058542,restaurant,kulon_progo
Mahaloka Paradise,-7.7473426,110.2060139,restaurant,kulon_progo
Bakso & Mie Ayam Pak Bagong,-7.7525904,110.2280582,restaurant,kulon_progo
Kedai Kuliner Kembang Langit,-7.7519855,110.2045843,restaurant,kulon_progo
Pecel Lele Cak Parto,-7.72482,110.0236449,restaurant,kulon_progo
Mbah Marsoem,-7.7204438,110.0386037,restaurant,kulon_progo
Sategedhe Pasar Minggir,-7.7324591,110.243338,restaurant,kulon_progo
Angkingan (Modern) Tjakruk,-7.8477477,110.1596675,restaurant,kulon_progo
ayam geprek shadian,-7.7727931,110.1916117,restaurant,kulon_progo
Warung Makan Bu Rosella,-7.7728354,110.1908413,restaurant,kulon_progo
warung mie ayam,-7.7730154,110.1923531,restaurant,kulon_progo
nasi padang,-7.772927,110.1921905,restaurant,kulon_progo
Tebing Gunung Gajah,-7.7769327,110.1076419,restaurant,kulon_progo
Mie Ayam Baso Ceker Miri,-7.8607899,110.1643311,restaurant,kulon_progo
Mie Ayam Baso @Kriyanan,-7.8623582,110.1631844,restaurant,kulon_progo
Angkringan Gaul,-7.8623615,110.1626587,restaurant,kulon_progo
Warung Afif,-7.8618527,110.1619774,restaurant,kulon_progo
Warung Gepuro,-7.798984,110.189898,restaurant,kulon_progo
Skiph,-7.6946018,110.2232157,restaurant,kulon_progo
rumah makan bu darmi,-7.8241893,110.23115,restaurant,kulon_progo
burjo,-7.826207,110.2272033,restaurant,kulon_progo
Tahuleg Bu Setun Sudi Mampir,-7.8058113,110.1151324,restaurant,kulon_progo
YU SUM,-7.8842782,110.0375966,restaurant,kulon_progo
Rumah Makan Pandansari,-7.8860308,110.0612797,restaurant,kulon_progo
Mie Ayam Ceker dan Bakso Mr. Kiting,-7.8124459,110.1164106,restaurant,kulon_progo
Kopi Klotok Menoreh,-7.7504834,110.1970664,restaurant,kulon_progo
Bakso Mie Ayam Wiro,-7.7265841,110.2345498,restaurant,kulon_progo
Kedai 24,-7.7340935,110.3931782,cafe,sleman
Cafe league,-7.7342549,110.3628321,cafe,sleman
LIQUID,-7.7560164,110.3622366,cafe,sleman
Warung Mas Kali,-7.7338334,110.3887572,cafe,sleman
Jogja Milk,-7.7725708,110.397668,cafe,sleman
Rumah Bawah Coffee & Chill,-7.7676979,110.3925928,cafe,sleman
Warung Kopi Lidah Ibu,-7.7723343,110.3917411,cafe,sleman
Lagani Cafe,-7.7799289,110.3908767,cafe,sleman
Lux Coffee,-7.7724642,110.3973456,cafe,sleman
BlackBone Coffee,-7.7606603,110.3819646,cafe,sleman
Lebah Jus,-7.7653831,110.3818171,cafe,sleman
Kedai OAK,-7.7610845,110.4038467,cafe,sleman
Cafetaria d Zef,-7.7677893,110.4171939,cafe,sleman
Forty eight Ice Blend,-7.7636638,110.3950571,cafe,sleman
Hestek Kopi,-7.7580522,110.381883,cafe,sleman
Peacock Coffee,-7.7434003,110.3740773,cafe,sleman
Socius,-7.7784942,110.4145745,cafe,sleman
Luxury,-7.759454,110.3814196,cafe,sleman
Dongeng kopi jogja,-7.7596505,110.4036516,cafe,sleman
matchamu,-7.7641158,110.409753,cafe,sleman
Loops,-7.7666939,110.405899,cafe,sleman
Njendelo Tanah Airkoe,-7.7543773,110.3909672,cafe,sleman
Babylon cafe & resto,-7.7597917,110.4036304,cafe,sleman
Came Kubu Kiri Amikom,-7.764138,110.4192601,cafe,sleman
Pistacchio Gelato,-7.7738104,110.3890532,cafe,sleman
studio kopi,-7.7758886,110.4157197,cafe,sleman
Kopi Merapi,-7.602614,110.4459924,cafe,sleman
Capcuz,-7.7518178,110.4110823,cafe,sleman
Epic coffee,-7.7342053,110.3774333,cafe,sleman
Cinema Bakery,-7.7427933,110.3743082,cafe,sleman
Starbucks,-7.7822906,110.401511,cafe,sleman
Kopi Tengkleng,-7.7034528,110.3738935,cafe,sleman
Refresh Cafe,-7.7555334,110.3825844,cafe,sleman
Couve,-7.7603595,110.3812722,cafe,sleman
Dalem Djojodiningrat,-7.7612017,110.3817184,cafe,sleman
blackbone coffe,-7.7600317,110.3832665,cafe,sleman
Kedai Kopi Paste,-7.7641875,110.3791357,cafe,sleman
Kopi kinanti,-7.7635201,110.3779815,cafe,sleman
Seven stones Coffe Specially,-7.7602888,110.379763,cafe,sleman
Laju Kopi Cepat,-7.7609119,110.380013,cafe,sleman
Amongcoffee,-7.776361,110.3457892,cafe,sleman
Ekologi Desk & Coffee,-7.7583319,110.3920192,cafe,sleman
zkitchen coffee&resto,-7.741374,110.3692409,cafe,sleman
Kopen Coffee,-7.7560014,110.4019174,cafe,sleman
Ruminate,-7.7505754,110.3734439,cafe,sleman
Belluga,-7.7688202,110.390255,cafe,sleman
Kedai NyonyaMuda,-7.8008599,110.3216516,cafe,sleman
Point Coffee,-7.7283714,110.3989862,cafe,sleman
Point Coffee,-7.7606429,110.3692488,cafe,sleman
Nasi Goreng MASHA,-7.7712239,110.389875,cafe,sleman
Angkringan Sempulur Jogja,-7.726662,110.4351778,cafe,sleman
Warung Kopi Tobong Boto,-7.7370356,110.447031,cafe,sleman
Cafe Ngopa Ngopi Ngopo,-7.7357146,110.4382015,cafe,sleman
Menantea,-7.7698831,110.4096128,cafe,sleman
Cafe Lintas Senja,-7.7839631,110.4469483,cafe,sleman
belikopi.,-7.7640881,110.4114839,cafe,sleman
Susuperah,-7.753191,110.4481888,cafe,sleman
Mbah Mayor Cafe,-7.7415584,110.4510856,cafe,sleman
Agoge Cafe,-7.7376042,110.3791681,cafe,sleman
Depot Es Kelapa Muda Mbak Endang,-7.7637332,110.474183,cafe,sleman
Kopi Pirak,-7.7739899,110.2848792,cafe,sleman
ksc café,-7.6269003,110.4461824,cafe,sleman
Kafe GTA,-7.7085907,110.3735237,cafe,sleman
Fore Coffee,-7.7602115,110.3810942,cafe,sleman
Mixue,-7.7555922,110.4336288,cafe,sleman
Kelapa Muda 354,-7.7644372,110.473572,cafe,sleman
Kedai Teh LORĒ,-7.7276808,110.4267562,cafe,sleman
De' Ngalas,-7.6286032,110.369739,cafe,sleman
Mixue,-7.7819103,110.4506324,cafe,sleman
Altilis Coffee,-7.7273582,110.3646145,cafe,sleman
Wastu Kopi,-7.7722677,110.3889307,cafe,sleman
Kobessah Kopi 2,-7.7281395,110.4036185,cafe,sleman
Mbahmoe Cafe,-7.7737887,110.4046132,cafe,sleman
UD Mitra,-7.7625586,110.4119097,cafe,sleman
Kopi Tiam Kapuas Hulu,-7.7549837,110.3955794,cafe,sleman
Ruang Tumbuh,-7.7751865,110.4546218,cafe,sleman
"Angkringan Pak Yudi, Pak Nur",-7.777762,110.4092481,cafe,sleman
Warkop Hippies,-7.7740245,110.3983236,cafe,sleman
WK. Ahau,-7.7764402,110.4101322,cafe,sleman
Teh Tarik Space,-7.761014,110.359009,cafe,sleman
Greeya Coffee,-7.7697059,110.4240834,cafe,sleman
Kopi Stasiun Kalasan,-7.7740216,110.4655991,cafe,sleman
Gahwa Coffee Jogja,-7.7361063,110.427015,cafe,sleman
Kopi Breksi,-7.7816176,110.5059432,cafe,sleman
Bangun Djaya Coffee,-7.7600667,110.4471156,cafe,sleman
Umpomo Cafe,-7.7604252,110.4470843,cafe,sleman
Angop Coffee,-7.7610385,110.4468264,cafe,sleman
The Pok Pow,-7.7785417,110.384232,cafe,sleman
Kám-siā,-7.7673852,110.4706609,cafe,sleman
Burlo Gaguh Rasa 03,-7.7734847,110.393674,cafe,sleman
Dua Kerbau Kopi & Roti,-7.735646,110.3988362,cafe,sleman
Es Coklat Impian,-7.7594323,110.4876326,cafe,sleman
Warung Kenayan,-7.7469695,110.4285018,cafe,sleman
Di Wedangku,-7.7419258,110.3985083,cafe,sleman
Seraia Coffe & Grilled Chicken,-7.7492825,110.3651189,cafe,sleman
Skulen,-7.747246,110.3700126,cafe,sleman
Sekulen,-7.7471727,110.3701916,cafe,sleman
One Percent Coffee,-7.7583803,110.3724789,cafe,sleman
Halia Fruits Bar,-7.7645681,110.3850393,cafe,sleman
Ngoopsky Street Coffee Sleman Yogyakarta,-7.762009,110.3703983,cafe,sleman
ARSY COFFEE,-7.750871,110.3662923,cafe,sleman
es coklat den bagus,-7.7572789,110.3657797,cafe,sleman
Malica Coffee House,-7.752232,110.4832293,cafe,sleman
Warung Naliko,-7.7744974,110.4526021,cafe,sleman
Cafe Kehutanan UGM,-7.7666219,110.3791097,cafe,sleman
Warmindo Argani,-7.7329404,110.4394276,cafe,sleman
Fore Coffee,-7.7830052,110.4014645,cafe,sleman
Awan Mbengi,-7.7302677,110.3970674,cafe,sleman
Nabe Coffee,-7.7769584,110.3927627,cafe,sleman
HS Coffee Social Space,-7.7757694,110.4117814,cafe,sleman
"Kopi Johar, Kedai Kopi Yogyakarta",-7.7744981,110.3951265,cafe,sleman
PLAI Café,-7.7412954,110.4331917,cafe,sleman
Campagna,-7.773968,110.4005787,cafe,sleman
Kedai Kopi Rivea,-7.7091385,110.355438,cafe,sleman
"SENOR POOL AND CAFE, Yogyakarta",-7.7267755,110.399859,cafe,sleman
Sender Coffe,-7.7656621,110.3787078,cafe,sleman
KOS KOOR PESISIR & BATHI,-7.7648131,110.3836463,cafe,sleman
Tempo Gelato Kaliurang,-7.7626178,110.3794634,cafe,sleman
LOS CIKEN JAKAL,-7.7635067,110.3780703,cafe,sleman
Warung Mas Gombloh,-7.7542641,110.4130393,cafe,sleman
Cold 'N Brew - Jakal,-7.756,110.3829228,cafe,sleman
Uncle John Coffee and Bakmi Jawa,-7.7629948,110.4822744,cafe,sleman
Kedai Argani Coffee,-7.7521399,110.4654477,cafe,sleman
Cafeteria Dhewe,-7.7634774,110.3756005,cafe,sleman
Fla - fla Milkshake,-7.7363824,110.3944111,cafe,sleman
LEIDEN Coffee & Work,-7.7612105,110.3785159,cafe,sleman
Tom's Milk,-7.7753355,110.4088518,cafe,sleman
es coklat den bagus,-7.7572898,110.3658118,cafe,sleman
Hallo Caffe,-7.701386,110.4149424,cafe,sleman
Markobar,-7.7672915,110.410173,cafe,sleman
Warunk Upnormal Yogyakarta,-7.7654813,110.4105187,cafe,sleman
CW Coffee,-7.77303,110.4095416,cafe,sleman
Bilik Kopi,-7.7161353,110.4065766,cafe,sleman
Susu Lovers,-7.7168948,110.4055976,cafe,sleman
Kebun Buah Naga,-7.7164869,110.4060085,cafe,sleman
Kedai Original,-7.7144361,110.4057568,cafe,sleman
Paperplane Coffee,-7.7748886,110.3932312,cafe,sleman
Paperplane Coffee,-7.7747826,110.3932486,cafe,sleman
Fine Coffee,-7.7049492,110.4125467,cafe,sleman
Bento Kopi Reserve,-7.7561698,110.3737982,cafe,sleman
Dic's Caffe,-7.6985411,110.4161828,cafe,sleman
Milkshake Juice/Smoothies,-7.6946782,110.4183899,cafe,sleman
Borjo Pojox,-7.7628576,110.3920745,cafe,sleman
Mixue,-7.7008786,110.4472507,cafe,sleman
Papiti Milk & Foods,-7.7578801,110.3979857,cafe,sleman
Vito Cafe,-7.7642326,110.4114206,cafe,sleman
Angkringan Wedang Wibu,-7.7609665,110.4000666,cafe,sleman
Café Brick,-7.7345649,110.3936369,cafe,sleman
DC Cafe Milk and Bar,-7.7308679,110.3800758,cafe,sleman
DC Cafe Milk and Bar,-7.7308248,110.3801021,cafe,sleman
Cafe Iqball Auliya Akbar,-7.7189298,110.3214752,cafe,sleman
Kantin KPLT,-7.7696023,110.3881028,cafe,sleman
Kantin Dharma,-7.7713202,110.3876047,cafe,sleman
Kedai Domore,-7.7653365,110.3794572,cafe,sleman
Kedai Kopi Espresso Bar,-7.7494636,110.3869207,cafe,sleman
Cafe Kopi Sedaya,-7.7312856,110.3833689,cafe,sleman
KOPILOG,-7.7309146,110.3808467,cafe,sleman
Dicky's Coffe,-7.7004156,110.4149789,cafe,sleman
Supernova Cybercafe,-7.7608365,110.4098221,cafe,sleman
ARCAF Arts & Cafe,-7.774811,110.4164091,cafe,sleman
Dabin Bratwurst,-7.7820601,110.4776128,cafe,sleman
Cengkir Heritage Resto And Coffee,-7.729686,110.3873191,cafe,sleman
Cengkir Heritage Resto And Coffee,-7.7298282,110.3872951,cafe,sleman
Burjo Barokah,-7.7429834,110.3717199,cafe,sleman
Refresh Cafe,-7.7554998,110.3827756,cafe,sleman
Canie Coffee & Space,-7.754588,110.381037,cafe,sleman
Kalimilk,-7.7629334,110.379942,cafe,sleman
Dixen Lounge and Cafe,-7.8044287,110.3249843,cafe,sleman
Angon (Angkringan Kebon),-7.744256,110.4345463,cafe,sleman
Doa Ibu Coffee,-7.7246708,110.4007387,cafe,sleman
Marisini Coffee,-7.7331611,110.3993133,cafe,sleman
Tepi Sawah,-7.7336614,110.3992185,cafe,sleman
Carney.co,-7.7752704,110.4099476,cafe,sleman
Redwood Coffee House,-7.7572377,110.428109,cafe,sleman
Dapur FIAI,-7.6872279,110.410105,cafe,sleman
Basabasi Nologaten,-7.7782358,110.3993962,cafe,sleman
Bento Nologaten,-7.7783948,110.399829,cafe,sleman
Kopi Kenangan,-7.7828546,110.4081773,cafe,sleman
Angkringan Bimo,-7.7799857,110.2926522,cafe,sleman
Anargya Koffie,-7.6905372,110.3861147,cafe,sleman
Michael Kreme Gelato - Palagan,-7.7279447,110.3776493,cafe,sleman
Matcha Cult,-7.7741071,110.4087854,cafe,sleman
Mpok Duren,-7.7657053,110.3790128,cafe,sleman
Indomaret,-7.7325432,110.3629984,convenience,sleman
Alfamart,-7.7395333,110.3626564,convenience,sleman
Alfamart,-7.747459,110.362585,convenience,sleman
Indomaret,-7.7550384,110.3621884,convenience,sleman
Alfamart,-7.7552723,110.3621776,convenience,sleman
Circle K,-7.7555402,110.3619364,convenience,sleman
Indomaret,-7.7572273,110.4076736,convenience,sleman
Alfamart,-7.7372309,110.3935832,convenience,sleman
Kopma UNY,-7.7733918,110.3855843,convenience,sleman
Kedai Mitra,-7.7735101,110.386842,convenience,sleman
Indomaret,-7.7703313,110.3901262,convenience,sleman
Indomaret,-7.7675973,110.3959273,convenience,sleman
Warung,-7.7750942,110.3827497,convenience,sleman
Hasty Market,-7.7760888,110.3435129,convenience,sleman
Hasty Market,-7.7762164,110.344331,convenience,sleman
Hasty Market,-7.7763014,110.3441137,convenience,sleman
Hasty Market,-7.7768702,110.3440762,convenience,sleman
Hasty Market,-7.777593,110.3438428,convenience,sleman
Tk Dani,-7.7118641,110.4315395,convenience,sleman
Alfamart,-7.7282307,110.3984754,convenience,sleman
Alfamart,-7.7791081,110.4136894,convenience,sleman
Indomaret,-7.7791719,110.4142044,convenience,sleman
Indomaret,-7.7785553,110.412933,convenience,sleman
Indomaret,-7.7790736,110.4157118,convenience,sleman
Alfamart,-7.7779547,110.4145531,convenience,sleman
Indomaret,-7.7631087,110.4194083,convenience,sleman
Alfamart,-7.7211742,110.3825934,convenience,sleman
Indomaret,-7.779267,110.3922999,convenience,sleman
Indomaret,-7.7659681,110.3690675,convenience,sleman
Indomaret,-7.7664147,110.3618978,convenience,sleman
Indomaret,-7.7541543,110.3827423,convenience,sleman
Alfamart,-7.7528559,110.4484639,convenience,sleman
Alfamidi,-7.7282199,110.3986855,convenience,sleman
Alfamart,-7.7648021,110.4487812,convenience,sleman
Indomaret,-7.7599872,110.3808751,convenience,sleman
Alfamart,-7.7647533,110.4488173,convenience,sleman
Alfamart,-7.7246188,110.4011232,convenience,sleman
Circle K,-7.7514027,110.4111599,convenience,sleman
Indomaret,-7.7464522,110.4121547,convenience,sleman
Indomaret,-7.749359,110.4060703,convenience,sleman
Indomaret,-7.7404138,110.4082779,convenience,sleman
Alfamart,-7.7595841,110.4055428,convenience,sleman
Zamart,-7.7553934,110.4096668,convenience,sleman
Alfamart,-7.7029239,110.281562,convenience,sleman
Indomaret,-7.7457551,110.3735403,convenience,sleman
Citrouli Jakal,-7.7613689,110.3719635,convenience,sleman
Ministop,-7.6455269,110.4242288,convenience,sleman
Toko Annasr,-7.7615135,110.3316585,convenience,sleman
Indomaret,-7.7477233,110.3626053,convenience,sleman
Gangsar Swalayan,-7.7449815,110.4812915,convenience,sleman
Alfamart,-7.7383744,110.4518201,convenience,sleman
Toko Bu Hesti,-7.741461,110.4277425,convenience,sleman
Alfamart,-7.7468652,110.4197397,convenience,sleman
Peni Ayu Swalayan,-7.752032,110.4344589,convenience,sleman
Koperasi UPN Wedo,-7.7387005,110.4323742,convenience,sleman
Mediko Ringinsari Swalayan,-7.736203,110.4800141,convenience,sleman
Indomaret,-7.7390837,110.4342578,convenience,sleman
Alfamart,-7.7359423,110.4348297,convenience,sleman
Madinah Swalayan,-7.7440821,110.4713048,convenience,sleman
Toko Yeny,-7.7435381,110.4763946,convenience,sleman
Indomaret,-7.77408,110.4638511,convenience,sleman
Indomaret,-7.760624,110.4769115,convenience,sleman
Toko Muyegh,-7.7443322,110.4711084,convenience,sleman
Mitra Boga Mart,-7.781888,110.4435186,convenience,sleman
Alfamart,-7.7777883,110.3854372,convenience,sleman
Toko Purwo,-7.7535163,110.4484122,convenience,sleman
Toko Geo,-7.7363226,110.484122,convenience,sleman
SRC Krisna,-7.752595,110.4857409,convenience,sleman
Kop Mart,-7.7529639,110.4870607,convenience,sleman
AAmart,-7.7375048,110.4208584,convenience,sleman
Toko GISA 2,-7.7653709,110.4698845,convenience,sleman
Indomaret,-7.7800001,110.4541619,convenience,sleman
Kharis Mart,-7.7726199,110.4489309,convenience,sleman
Toko Hijau,-7.7592555,110.4491336,convenience,sleman
New Normal Minimarket,-7.7449899,110.4717562,convenience,sleman
Toko Ning,-7.7432039,110.4627428,convenience,sleman
Aura Mart,-7.7367881,110.4475382,convenience,sleman
Idamart,-7.7364291,110.4402176,convenience,sleman
Purwanti,-7.7385868,110.4343034,convenience,sleman
Akfa 22,-7.7752512,110.4824989,convenience,sleman
Toko Trio,-7.7772998,110.4826954,convenience,sleman
Indomaret,-7.7356136,110.4344619,convenience,sleman
Merly,-7.7528873,110.4442544,convenience,sleman
Manna Kampus mini,-7.7403903,110.408478,convenience,sleman
Flamboyan,-7.7417002,110.4081209,convenience,sleman
Toko Naima,-7.7494114,110.48124,convenience,sleman
Indomaret,-7.7748235,110.4635031,convenience,sleman
Indomaret,-7.7639269,110.4205351,convenience,sleman
Indomaret,-7.7534132,110.4401105,convenience,sleman
Indomaret,-7.7713819,110.4311116,convenience,sleman
Toko Kelontong Aris,-7.7560617,110.4803764,convenience,sleman
Alfamart,-7.7588589,110.479102,convenience,sleman
Alfamart,-7.7710402,110.4683245,convenience,sleman
Toko Anugrah,-7.7798734,110.4558637,convenience,sleman
Alfamart,-7.7720741,110.3895941,convenience,sleman
Indomaret,-7.7472499,110.3990002,convenience,sleman
Circle K,-7.7796531,110.4143221,convenience,sleman
Indomaret,-7.751835,110.3983452,convenience,sleman
Alfamart,-7.7592072,110.4786752,convenience,sleman
Toko Gunawan,-7.7795635,110.3891755,convenience,sleman
Bella Dyffa,-7.7803466,110.443545,convenience,sleman
Indomaret,-7.8028198,110.310585,convenience,sleman
Swalayan Fella Rosa,-7.6837959,110.4597826,convenience,sleman
Indo Asri,-7.7084694,110.3734016,convenience,sleman
Toko Reni Jaya,-7.7364493,110.4823337,convenience,sleman
Indomaret,-7.6896612,110.4613155,convenience,sleman
Toko Rejeki,-7.7513016,110.451609,convenience,sleman
Bambu,-7.6512117,110.448267,convenience,sleman
Toko SA,-7.6952672,110.4329265,convenience,sleman
Toko Idjo,-7.6463458,110.4260786,convenience,sleman
Toko Rahmat,-7.6540558,110.4228403,convenience,sleman
Indomaret,-7.7357056,110.3947107,convenience,sleman
Alfamart,-7.7443538,110.4018547,convenience,sleman
Alfamart,-7.8090076,110.2863587,convenience,sleman
Indomaret,-7.8044323,110.3038492,convenience,sleman
Indomaret,-7.8090105,110.2861811,convenience,sleman
Alfamart,-7.8025222,110.3140806,convenience,sleman
Circle K,-7.7784286,110.3927391,convenience,sleman
Alfamart,-7.7752742,110.3933293,convenience,sleman
Indomaret,-7.7658124,110.3441849,convenience,sleman
Alfamart,-7.7436876,110.3490601,convenience,sleman
Indomaret,-7.7482518,110.37854,convenience,sleman
Indomaret,-7.7743104,110.4356776,convenience,sleman
Bromart,-7.7585897,110.4332293,convenience,sleman
Indomaret Raya Pasekan,-7.763331,110.4379819,convenience,sleman
Indomaret,-7.7451116,110.4196585,convenience,sleman
Circle K Korner Nusa Indah 2,-7.7526784,110.4108919,convenience,sleman
Indomaret,-7.749843,110.2935636,convenience,sleman
Indomaret Wates KM9.2,-7.8096438,110.2831174,convenience,sleman
Indomaret Wates KM9,-7.8090742,110.2860842,convenience,sleman
Indomaret Plemburan,-7.7481802,110.3785716,convenience,sleman
Indomaret Nandan,-7.7513272,110.3730521,convenience,sleman
Indomaret Gurameh Raya,-7.7469081,110.4065617,convenience,sleman
Indomaret Pandowoharjo,-7.7004644,110.3644906,convenience,sleman
Indomaret Tentara Pelajar KM9.5,-7.7162697,110.3846544,convenience,sleman
Indomaret Sariharjo,-7.7229041,110.382105,convenience,sleman
Indomaret Kapten Haryadi,-7.7218601,110.3872424,convenience,sleman
Indomaret Ngebel Gede,-7.7252852,110.3950064,convenience,sleman
Indomaret Plus,-7.7284252,110.3990057,convenience,sleman
Indomaret Kaliurang KM10,-7.721589,110.4028372,convenience,sleman
Indomaret Palagan KM7,-7.7369867,110.3768482,convenience,sleman
Indomaret Kaliurang KM12,-7.7011614,110.4150512,convenience,sleman
Indomaret Candisari,-7.7004168,110.4152158,convenience,sleman
Indomaret Kaliurang KM13.5,-7.6950451,110.4181892,convenience,sleman
Indomaret Umbul Martani,-7.6884081,110.4189461,convenience,sleman
Indomaret Pokoh Sleman TGKW,-7.6686469,110.4284964,convenience,sleman
Indomaret Pakem 2,-7.6704207,110.4173831,convenience,sleman
Indomaret Pakem (Pujo),-7.6649198,110.4194065,convenience,sleman
Indomaret Pakem Turi 3,-7.6590975,110.3953506,convenience,sleman
Indomaret Wonokerto Turi,-7.6509516,110.3687874,convenience,sleman
Indomaret Pulowatu,-7.6591947,110.3955568,convenience,sleman
Indomaret Tempel KM17.5,-7.657043,110.32602,convenience,sleman
Indomaret Tempel,-7.6512725,110.3254114,convenience,sleman
Indomaret Tempel Turi,-7.6424601,110.3286831,convenience,sleman
Indomaret Magelang KM17,-7.6563736,110.3262909,convenience,sleman
Indomaret Godean Pedes,-7.7894689,110.2765385,convenience,sleman
Indomaret Moyudan,-7.7599034,110.2591171,convenience,sleman
indomaret Minggir,-7.7165411,110.270276,convenience,sleman
Indomaret Godean KM.12,-7.7632943,110.2806609,convenience,sleman
Indomaret Sidoagung,-7.770244,110.304082,convenience,sleman
Indomaret Point Coffee Sidokarto,-7.7710007,110.3059514,convenience,sleman
Indomaret Godean KM8,-7.7724169,110.311703,convenience,sleman
Indomaret Sidoarum Utara,-7.7770265,110.3224346,convenience,sleman
Indomaret Godean Km 6,-7.7763655,110.3271757,convenience,sleman
Indomaret Godean,-7.7797115,110.3428817,convenience,sleman
INDOMARET MULIA SLEMAN,-7.7463749,110.3808148,convenience,sleman
Indomaret Bale Mulia,-7.7381823,110.3536739,convenience,sleman
Indomaret RSA Kronggahan,-7.7427638,110.3492078,convenience,sleman
Indomaret Magelang KM4.7,-7.7651473,110.3615663,convenience,sleman
Indomaret Magelang KM5,-7.7663695,110.3618,convenience,sleman
Indomaret Fresh Magelang KM13.5,-7.6918136,110.3436278,convenience,sleman
Indomaret jamal km 11,-7.7078966,110.3535461,convenience,sleman
Indomaret Griya Taman Asri,-7.7095395,110.3725057,convenience,sleman
Indomaret,-7.7169909,110.346387,convenience,sleman
Indomaret Margoluwih,-7.7498385,110.2936162,convenience,sleman
Indomart seyegan,-7.7232985,110.3100899,convenience,sleman
Indomaret Kebon Agung Sumberadi,-7.731988,110.3233458,convenience,sleman
Indomaret Kolonel Subadri,-7.7145612,110.3301704,convenience,sleman
Indomaret Purbaya,-7.7139845,110.3416221,convenience,sleman
Indomaret Palagan KM7.5,-7.7335961,110.3778311,convenience,sleman
Indomaret Tegalwaras,-7.7370728,110.3717023,convenience,sleman
Indomaret Sambisari,-7.7272819,110.3560902,convenience,sleman
Indomaret Gito Gati,-7.7195435,110.3681952,convenience,sleman
Indomaret Magelang KM9,-7.726073,110.3624977,convenience,sleman
Indomaret Magelang KM8,-7.730885,110.363641,convenience,sleman
Indomaret Sendangadi,-7.7329626,110.3630672,convenience,sleman
Indomaret Perumnas,-7.7662306,110.4058231,convenience,sleman
Indomaret Sidomoyo Utara,-7.7496497,110.3208578,convenience,sleman
Indomaret Sidomoyo,-7.7613047,110.3205345,convenience,sleman
Indomaret RR 99,-7.7582408,110.3375897,convenience,sleman
Indomaret Demak Ijo,-7.7722129,110.3334882,convenience,sleman
Indomaret Kabupaten KM 1,-7.7710855,110.3429479,convenience,sleman
Indomaret Kabupaten KM3,-7.7518248,110.3476996,convenience,sleman
Indomaret,-7.7348931,110.3428181,convenience,sleman
Indomaret Kebon Agung Mlati,-7.743351,110.3559544,convenience,sleman
SRC ALFAT 2,-7.7588429,110.4822502,convenience,sleman
Toko Wahyu,-7.7624108,110.4844249,convenience,sleman
Balqis Mart Randugunting,-7.7637315,110.4823957,convenience,sleman
Indomaret,-7.754444,110.410235,convenience,sleman
Indomaret,-7.7385013,110.3897449,convenience,sleman
RM Padang Lima Sekawan,-7.7659629,110.3799537,convenience,sleman
Indomaret,-7.7679587,110.3912259,convenience,sleman
Indomaret,-7.7477474,110.4493226,convenience,sleman
Alfamart,-7.8016092,110.3176512,convenience,sleman
MINIMARKET PAMOR,-7.7493903,110.3850274,convenience,sleman
Indomaret,-7.7608484,110.4326483,convenience,sleman
Indomaret,-7.7797079,110.3429198,convenience,sleman
Indomaret,-7.7814847,110.3995515,convenience,sleman
Indomaret,-7.7545746,110.3825454,convenience,sleman
Indomaret,-7.720341,110.3828676,convenience,sleman
Indomaret,-7.7003208,110.4150925,convenience,sleman
SyarE Mart UII,-7.6875933,110.4117775,convenience,sleman
Alfamart,-7.7343288,110.3915131,convenience,sleman
Indomaret,-7.7391835,110.392345,convenience,sleman
Alfamart,-7.7372013,110.3935279,convenience,sleman
Circle K,-7.7371352,110.3936121,convenience,sleman
Indomaret,-7.7776218,110.384649,convenience,sleman
Indomaret,-7.7340021,110.3898206,convenience,sleman
Indomaret,-7.8003463,110.3234604,convenience,sleman
Indomaret Patukan,-7.7939734,110.3225903,convenience,sleman
Plaza Agro Gadjah Mada,-7.7680174,110.3870543,convenience,sleman
Alfamart,-7.7029762,110.4132506,convenience,sleman
Alfamart,-7.6599795,110.3949535,convenience,sleman
Indomaret,-7.7818901,110.3957518,convenience,sleman
Alfamart,-7.7195402,110.4038089,convenience,sleman
Mina Swalayan,-7.7187363,110.4042567,convenience,sleman
Mina Swalayan,-7.7189191,110.4048316,convenience,sleman
Alfamart,-7.7050256,110.4121253,convenience,sleman
Circle K,-7.7738314,110.4012297,convenience,sleman
Indomaret,-7.6982261,110.4164287,convenience,sleman
Joglo Mart,-7.6826515,110.411555,convenience,sleman
WS,-7.6674612,110.4186206,convenience,sleman
Indomaret,-7.6704326,110.4173205,convenience,sleman
Toko Keluarga,-7.7496291,110.3783547,convenience,sleman
Warung Kelontong Anugerah,-7.7511741,110.3760549,convenience,sleman
Indomaret,-7.7600816,110.3951267,convenience,sleman
Xtra Hot,-7.7513739,110.3853182,convenience,sleman
Indomaret,-7.7605841,110.3692145,convenience,sleman
Alfamart,-7.7049632,110.4314846,convenience,sleman
Indomaret,-7.7046805,110.430449,convenience,sleman
Indomaret,-7.7743548,110.4155691,convenience,sleman
Indomaret,-7.7458331,110.4149359,convenience,sleman
Indomaret,-7.7525837,110.4422105,convenience,sleman
Indomaret Point,-7.7284548,110.3990404,convenience,sleman
Alfamart,-7.7653093,110.4727525,convenience,sleman
Toko Kanala,-7.7222822,110.3881096,convenience,sleman
Indomaret,-7.750599,110.434663,convenience,sleman
Indomaret,-7.7390378,110.4522545,convenience,sleman
Indomaret Kolonel Subadri,-7.7145572,110.3299353,convenience,sleman
Angkringan,-7.6468402,110.424088,convenience,sleman
MINIMARKET TUMBUH,-7.6375158,110.4326833,convenience,sleman
Indomaret,-7.7817038,110.4140496,convenience,sleman
Lion Star,-7.7309651,110.3823996,convenience,sleman
Indomaret Seturan,-7.7644904,110.4110635,convenience,sleman
Rahayu Swalayan,-7.7672594,110.4104972,convenience,sleman
Indomaret,-7.6950357,110.4180713,convenience,sleman
Toko Bu Siti,-7.6660347,110.4192011,convenience,sleman
Toko Rini,-7.6647013,110.4199164,convenience,sleman
PUJO,-7.6649489,110.4193801,convenience,sleman
Circle K - Babarsari,-7.7756498,110.4157015,convenience,sleman
Ceria Soja Milk,-7.7786358,110.4769122,convenience,sleman
Indomaret Kapten Riyadi,-7.7219051,110.387185,convenience,sleman
Komplek Kios Desa,-7.715782,110.2899298,convenience,sleman
Minimarket Merapi Jaya,-7.6141427,110.3730351,convenience,sleman
Toko Shamila,-7.7613441,110.3746071,convenience,sleman
Alfamart,-7.7713048,110.4681073,convenience,sleman
Alfamart,-7.7493236,110.4714762,convenience,sleman
Circle K,-7.7637355,110.3792863,convenience,sleman
Indomaret,-7.7810887,110.4081991,convenience,sleman
Fellarosa Swalayan,-7.7016493,110.4473774,convenience,sleman
Warung Dua Saudara,-7.7472553,110.4385467,convenience,sleman
Warung Mbak Nining,-7.6661086,110.4050605,grocery,sleman
Mahel,-7.7617185,110.3755937,laundry,sleman
Funny Laundry,-7.7642952,110.3872122,laundry,sleman
Laundry Zone,-7.7663411,110.4100029,laundry,sleman
Total Laundry,-7.7657362,110.4107132,laundry,sleman
Wulan Laundry,-7.7355442,110.4371498,laundry,sleman
Rista Laundry,-7.7364397,110.4814583,laundry,sleman
Mulia Laundry,-7.7674759,110.4484429,laundry,sleman
Griya Laundry,-7.7636656,110.4489591,laundry,sleman
Alfa Laundry,-7.7402188,110.4552477,laundry,sleman
Rose Laundry,-7.7392248,110.4522554,laundry,sleman
SimplyPrime,-7.7384619,110.3762907,laundry,sleman
Minatu,-7.7529929,110.4445322,laundry,sleman
Keen Laundry,-7.7435084,110.407528,laundry,sleman
Lily Laundry,-7.7348835,110.4336662,laundry,sleman
Cemerlang Laundry,-7.7581356,110.4098683,laundry,sleman
Amanah Laundry,-7.7362152,110.4824206,laundry,sleman
King's Laundry,-7.7663759,110.3816901,laundry,sleman
Cahaya laundry,-7.7086938,110.415515,laundry,sleman
Anjani Laundry,-7.647125,110.4257924,laundry,sleman
Miracle Laundry,-7.7517958,110.3652782,laundry,sleman
Puri Laundry,-7.7537812,110.3659983,laundry,sleman
Gulawentah Pro Art,-7.7528496,110.3649614,laundry,sleman
Laundry Mbak Mun,-7.7530386,110.3659894,laundry,sleman
griya anie (laundri),-7.7560232,110.3660763,laundry,sleman
room laundri,-7.7564308,110.3660143,laundry,sleman
jessy laundry,-7.7572611,110.365683,laundry,sleman
Bara Laundry,-7.6866971,110.4184414,laundry,sleman
Violet Exclusive Clean Expert Laundry,-7.7398099,110.4243737,laundry,sleman
griya anie (laundri),-7.7560426,110.3660709,laundry,sleman
room laundri,-7.756439,110.3660348,laundry,sleman
Kenes Laundry,-7.7012916,110.4150058,laundry,sleman
Smiley Laundry,-7.7147867,110.4067305,laundry,sleman
ANOKA Laundry,-7.7633618,110.3835568,laundry,sleman
Laundry C24,-7.6965548,110.4177174,laundry,sleman
Berjaya Laundry,-7.6971994,110.4173134,laundry,sleman
laundry,-7.6969226,110.4171889,laundry,sleman
Money Laundry,-7.7652787,110.3962416,laundry,sleman
Harmony Laundry,-7.7503398,110.4116986,laundry,sleman
Laundry Zone,-7.731459,110.3829381,laundry,sleman
Moro Lejar,-7.6620048,110.433102,restaurant,sleman
Jambon Resto,-7.7607904,110.3449942,restaurant,sleman
Rumah Makan Pring Sewu,-7.7284566,110.3637196,restaurant,sleman
Kantin Calsita,-7.7637956,110.4100903,restaurant,sleman
RM Padang AMBO,-7.7659179,110.3794555,restaurant,sleman
RM Padang Lima Sekawan,-7.7659964,110.3799566,restaurant,sleman
Ayam Goreng Pak Parman,-7.7343365,110.3934698,restaurant,sleman
Soto Pak Jamal,-7.7342307,110.3937036,restaurant,sleman
Jimbaran Resto,-7.7310313,110.3811303,restaurant,sleman
Iga Sapi Bali,-7.7310099,110.383584,restaurant,sleman
Rumah Makan Khao Pad,-7.7328141,110.3848526,restaurant,sleman
Bebek Tepi Sawah Jogja,-7.7306551,110.3800023,restaurant,sleman
Rasane Seafood & Ikan Bakar,-7.7302118,110.3789859,restaurant,sleman
Mr. Crab's,-7.7344513,110.394133,restaurant,sleman
Bakso Pak Supri,-7.7728708,110.3916278,restaurant,sleman
hartz chiken buffet,-7.7616672,110.3615705,restaurant,sleman
restoran kelapa gading,-7.7496428,110.3618375,restaurant,sleman
Soto Pak Mustofa,-7.7441259,110.3622876,restaurant,sleman
RM Menara Kudus,-7.7482705,110.3625878,restaurant,sleman
Bakmi Jombor,-7.7484553,110.3625565,restaurant,sleman
bakmi Jombor,-7.7481109,110.3625536,restaurant,sleman
Sendang Ayu,-7.760779,110.4762948,restaurant,sleman
Nanamia Pizzeria,-7.7761421,110.3909484,restaurant,sleman
Pandanaran,-7.7338823,110.3888713,restaurant,sleman
Gudeg Mbak Sasha,-7.7662565,110.3906189,restaurant,sleman
Gudeg Mbak Sasha (Lesehan),-7.7696064,110.3904405,restaurant,sleman
Restaurant aceh Bungong Jeumpa,-7.776442,110.3930947,restaurant,sleman
Ayam Geprek Bu Rum,-7.775472,110.3953673,restaurant,sleman
Pondok Raza,-7.6670018,110.4170938,restaurant,sleman
RM Anda,-7.6621748,110.4203568,restaurant,sleman
RM Bungo Minang,-7.6626976,110.4201928,restaurant,sleman
RM Sinar Minang,-7.6613195,110.4206875,restaurant,sleman
Olive Fried Chicken,-7.6970356,110.4174097,restaurant,sleman
Rumah Makan Ambarketawang,-7.8028601,110.312712,restaurant,sleman
Garden Cafe,-7.7733981,110.3852472,restaurant,sleman
Restaurant Palm Kuning (Kecil),-7.7604161,110.3760627,restaurant,sleman
Al-Maidah,-7.7609712,110.3779694,restaurant,sleman
De'Sushi,-7.7620842,110.3799727,restaurant,sleman
Kantin EMB,-7.7618636,110.3755754,restaurant,sleman
Nasi Bakar,-7.7588172,110.3822232,restaurant,sleman
The Waroeng of Raminten,-7.6759869,110.4171251,restaurant,sleman
Pak Jede,-7.7737648,110.4008867,restaurant,sleman
Rawit Merah,-7.7799069,110.3998745,restaurant,sleman
Telerrrr,-7.7690037,110.4018976,restaurant,sleman
Bakso Mas Ndut,-7.7643375,110.3871976,restaurant,sleman
Cowmad,-7.7651193,110.388642,restaurant,sleman
Ohlala,-7.763703,110.3851462,restaurant,sleman
Sambal Korek Pak Topo,-7.7643135,110.3872753,restaurant,sleman
Warung Istiqomah,-7.7626634,110.3867913,restaurant,sleman
Warung Penyetan Varnos,-7.7636877,110.3853312,restaurant,sleman
Warung,-7.7641596,110.3866811,restaurant,sleman
Yamie Panda,-7.7629793,110.3820313,restaurant,sleman
Tickles Cafe,-7.7784141,110.3929959,restaurant,sleman
Bakmi Jowo,-7.7533055,110.3842035,restaurant,sleman
Kantin,-7.7739406,110.3836852,restaurant,sleman
Alembana,-7.779847,110.3905815,restaurant,sleman
Calzonne Express,-7.7801993,110.3914457,restaurant,sleman
Il Mondo,-7.7786217,110.390571,restaurant,sleman
Old Dish,-7.7794071,110.3901139,restaurant,sleman
Popeye Chicken Express,-7.7808919,110.3924179,restaurant,sleman
Real Burger,-7.7786168,110.3898641,restaurant,sleman
Resto OZ,-7.7797756,110.3902234,restaurant,sleman
Warung Lotek Bu Iduk,-7.7790468,110.390195,restaurant,sleman
Bale Babakaran,-7.7732076,110.3884696,restaurant,sleman
Kantin Garasi,-7.7755305,110.3880473,restaurant,sleman
Kacang Ijo. Kaki Lima,-7.7013788,110.4474208,restaurant,sleman
Kiken Soup,-7.7661431,110.3822925,restaurant,sleman
Mushroom Resto,-7.7748157,110.4085139,restaurant,sleman
Rata-Rata,-7.754106,110.3838813,restaurant,sleman
Sushi Story,-7.7610968,110.3943996,restaurant,sleman
Kedai Djamoer,-7.7647075,110.3850382,restaurant,sleman
Joyo,-7.59833,110.4271615,restaurant,sleman
Kedai Jons,-7.5989985,110.4261019,restaurant,sleman
Melcosh,-7.6153856,110.4263467,restaurant,sleman
Oplosh,-7.618192,110.4258026,restaurant,sleman
Warung Sate Pak Min,-7.5991365,110.4288069,restaurant,sleman
Jada Tempeh,-7.5928222,110.4323281,restaurant,sleman
Bakso Pak Narto,-7.7502185,110.38591,restaurant,sleman
Mie Ayam Kita,-7.774283,110.3933574,restaurant,sleman
L'cost seafood,-7.7650056,110.3962061,restaurant,sleman
Burjo,-7.7652397,110.3968363,restaurant,sleman
Indochine Bistro,-7.7731926,110.4096964,restaurant,sleman
Bar Kitchen Go Rich,-7.7624408,110.3955292,restaurant,sleman
Penyetan Mang Sukri,-7.7642669,110.3958274,restaurant,sleman
Loka loka,-7.7387383,110.3991772,restaurant,sleman
Veganissimo (Pringwulung),-7.7706739,110.3993232,restaurant,sleman
Qimi Chinese Food,-7.7618303,110.3942551,restaurant,sleman
Warung Kendi,-7.7619838,110.39738,restaurant,sleman
Italian Pasta,-7.7685731,110.3891976,restaurant,sleman
Kedai Sedek Raos,-7.7617752,110.3938635,restaurant,sleman
LOKAL Indonesia,-7.7595166,110.3965908,restaurant,sleman
Songkhla Thai Restaurant,-7.7529926,110.3812311,restaurant,sleman
Padang Murah,-7.7830747,110.3230245,restaurant,sleman
Tong Seng,-7.6520477,110.3770993,restaurant,sleman
Panties Pizza,-7.7639821,110.393419,restaurant,sleman
Lotek Pandega Putri,-7.7549858,110.3800531,restaurant,sleman
Burjo Maharasa,-7.7546781,110.3836072,restaurant,sleman
Dixie Easy Dining,-7.7699341,110.3905494,restaurant,sleman
Loving Hut,-7.7763111,110.3898886,restaurant,sleman
Silla Resto,-7.7575166,110.3863837,restaurant,sleman
Kedai Seblak Phiim-Phiim,-7.775158,110.408726,restaurant,sleman
Warung Bakmi Pak Waluyo Jogja,-7.769441,110.4054191,restaurant,sleman
Bakso Soto Spesial Pak Ateng,-7.7664344,110.3814572,restaurant,sleman
Gudeg Yu Jum,-7.7631452,110.3801303,restaurant,sleman
Ayam Goreng Pak Wage,-7.7663583,110.3823167,restaurant,sleman
Mie Ayam Palembang Afui,-7.7813679,110.4161415,restaurant,sleman
Abhayagiri Restaurant,-7.7684634,110.4970802,restaurant,sleman
Warung,-7.7662472,110.4641718,restaurant,sleman
Warung Bu Sri,-7.7604183,110.3831686,restaurant,sleman
Warung Upnormal,-7.765274,110.4105123,restaurant,sleman
Denaro,-7.7661487,110.4103907,restaurant,sleman
Ninit,-7.7632394,110.37355,restaurant,sleman
bakso tenis,-7.757943,110.4090032,restaurant,sleman
Ayam geprek eskom,-7.758582,110.4107902,restaurant,sleman
parsley bakery & cake shop,-7.7580879,110.4025525,restaurant,sleman
Warung Pojok,-7.752839,110.3924433,restaurant,sleman
Warung Putra Bojong Nangka,-7.7497318,110.3959497,restaurant,sleman
Doby Fried Chicken,-7.7529565,110.3951269,restaurant,sleman
Warung De Juminten,-7.7537278,110.3954011,restaurant,sleman
Wamindo Maha Rasa,-7.757767,110.4086962,restaurant,sleman
Warmindo Murni,-7.7573934,110.4087771,restaurant,sleman
warung makan indomie,-7.7647501,110.4197455,restaurant,sleman
Burjo UNY,-7.7732023,110.385534,restaurant,sleman
warung makan,-7.7728377,110.3859687,restaurant,sleman
mbak handa,-7.7652962,110.4182054,restaurant,sleman
Grha sarina Vidi,-7.7334631,110.3638476,restaurant,sleman
Warung Bu Sugirah,-7.7679774,110.3279451,restaurant,sleman
Muslim Chinese Food,-7.7575543,110.3694321,restaurant,sleman
Rumah makan Dewi Ratih,-7.7662425,110.3848282,restaurant,sleman
Mino Bakery,-7.7465352,110.4046327,restaurant,sleman
Lesehan Aldan,-7.7011573,110.4150497,restaurant,sleman
JeJamuran,-7.7050336,110.3609924,restaurant,sleman
JeJamuran,-7.7054512,110.3612343,restaurant,sleman
Ganesh ek sanskriti,-7.7794951,110.4286171,restaurant,sleman
jeJamuran,-7.7054204,110.3613332,restaurant,sleman
Masakan Padang,-7.7647185,110.4490508,restaurant,sleman
Lumpia BOOM,-7.7643511,110.3876602,restaurant,sleman
RM Padang,-7.7647253,110.4490301,restaurant,sleman
Kali Opac Resto,-7.7475823,110.4883128,restaurant,sleman
Kantin JIH,-7.7578375,110.404105,restaurant,sleman
Madagascar Seafood Jogja,-7.7320979,110.3812507,restaurant,sleman
Burjo Warmindo,-7.7243517,110.4012506,restaurant,sleman
Gudeg Mbarek Bu. Hj. Ahmad,-7.7240819,110.4014517,restaurant,sleman
D'Padukan Pie & Resto,-7.6660593,110.4295252,restaurant,sleman
RM Nasi Bambu,-7.7661925,110.3806206,restaurant,sleman
Pelem Golek,-7.7370417,110.376875,restaurant,sleman
GIB GIB Calzone,-7.7615641,110.4037027,restaurant,sleman
Warung Bu Hohok,-7.7597024,110.3823556,restaurant,sleman
Warung Kupat Tahu,-7.7566523,110.3722597,restaurant,sleman
Rumah Makan Padang,-7.7638847,110.2905385,restaurant,sleman
Bale Bebakaran,-7.7634678,110.3785122,restaurant,sleman
Holy Smokes,-7.7557533,110.383013,restaurant,sleman
Warung Makan Mbak Pri,-7.7558717,110.3774157,restaurant,sleman
Bakso dan Mie Ayam Pak Seger,-7.7569188,110.3821562,restaurant,sleman
ayam tulang Lunak Hayam wuruk,-7.7586471,110.3817382,restaurant,sleman
Warung Tubruk,-7.7605176,110.3810126,restaurant,sleman
De Kendhil Resto,-7.7608282,110.3808665,restaurant,sleman
Mie Lampung Uno,-7.7635379,110.3794356,restaurant,sleman
Aldan Resto,-7.7633091,110.3795184,restaurant,sleman
Warung Makan Indomie Saluyu,-7.7599269,110.3831588,restaurant,sleman
Warung Makan Pak Wandi,-7.7600945,110.3830984,restaurant,sleman
Rumah Dahar (Spesial Nasi Langgi),-7.7647554,110.3808126,restaurant,sleman
Soto Ayam Seger,-7.7611826,110.3834318,restaurant,sleman
Lesehan Jasmin,-7.7616037,110.3834626,restaurant,sleman
Warmindo Kedai solusi,-7.7621506,110.3828261,restaurant,sleman
Warung Makan Bu Wid,-7.7642485,110.3789299,restaurant,sleman
Warung Makan Geprek Minyo,-7.763991,110.3778729,restaurant,sleman
Rempah Asia,-7.7609081,110.3804861,restaurant,sleman
Bungong Jeumpa,-7.7607842,110.3805419,restaurant,sleman
Zuparella,-7.7589311,110.3812742,restaurant,sleman
The Rice Cup,-7.7677969,110.3853033,restaurant,sleman
Gudeg Sagan,-7.777852,110.3797797,restaurant,sleman
Mezzanine,-7.7307688,110.3787614,restaurant,sleman
warung SS,-7.70677,110.4116364,restaurant,sleman
Tulip Living,-7.7411182,110.3686449,restaurant,sleman
AOA Resto & Creative Space,-7.767783,110.3973745,restaurant,sleman
Vege Jambon,-7.7681785,110.3560442,restaurant,sleman
Ss Sensasi Puedass,-7.7314705,110.3990475,restaurant,sleman
Sate Ratu,-7.752374,110.3631935,restaurant,sleman
Timbul Roso,-7.6542512,110.4313946,restaurant,sleman
Wedang sawah,-7.6579985,110.4724027,restaurant,sleman
Pikali Pizzeria,-7.7514415,110.375528,restaurant,sleman
Seafood 99,-7.7314893,110.3831545,restaurant,sleman
Pacific,-7.7656356,110.3614814,restaurant,sleman
Thai Corner,-7.780197,110.3924552,restaurant,sleman
Bakso Klenger 2 Ratu Sari. The biggest Bakso in town,-7.7757387,110.4041962,restaurant,sleman
Penyetan Lalapan Akang Jakal (Spesial Lalap & Sambal Sepuasnya),-7.7246782,110.4007359,restaurant,sleman
Ayam Goreng Bugisan,-7.7782723,110.4320261,restaurant,sleman
Mak Semarangan Express,-7.7719965,110.409514,restaurant,sleman
Tengkleng Gajah,-7.7300089,110.4056561,restaurant,sleman
SBC Spesial Cah Kangkung,-7.7563698,110.3728406,restaurant,sleman
Griya Margoagung A3,-7.70248,110.313937,restaurant,sleman
Swasana by Temata Yogyakarta,-7.7259288,110.4002623,restaurant,sleman
Bubur Ayam Salbiyah,-7.7760687,110.3778421,restaurant,sleman
Angkringan DPR,-7.7760763,110.3780427,restaurant,sleman
KONG KONG,-7.7764844,110.3417868,restaurant,sleman
Dapur New Yorkarto,-7.7302007,110.4533927,restaurant,sleman
Bakso dan Mie Ayam Semulur,-7.7367644,110.4823444,restaurant,sleman
Warmindo Restu Bunda,-7.7623853,110.4493943,restaurant,sleman
Family Wader,-7.7368398,110.4440166,restaurant,sleman
Alif Coffee & Space,-7.7361875,110.4271851,restaurant,sleman
Gudeg,-7.7229755,110.4351536,restaurant,sleman
Disawa Pawon,-7.7129249,110.4400267,restaurant,sleman
Soto Gedhek Kalasan,-7.7413432,110.4605312,restaurant,sleman
Ayam Goreng Mbak Tia,-7.7399351,110.4817379,restaurant,sleman
Burjo Gavindo,-7.7415458,110.46134,restaurant,sleman
Muyegh Bakso Isi & Fried Chicken,-7.744336,110.4711565,restaurant,sleman
Bakso Mie Ayam,-7.7514681,110.4345006,restaurant,sleman
Jogja Airport Resto,-7.7710476,110.4493941,restaurant,sleman
Bakso Pa' Jero,-7.776769,110.3848296,restaurant,sleman
Preksu Ayam Geprek & Susu,-7.777742,110.385054,restaurant,sleman
Yamie Lampion,-7.7777231,110.3853247,restaurant,sleman
R.M. Janjang Ameh,-7.7387564,110.4518616,restaurant,sleman
Soto Batok X-Kuning,-7.7369037,110.4445512,restaurant,sleman
Kopi Plosok dan Sego Thiwul,-7.7281029,110.4169824,restaurant,sleman
Mie Ayam & Bakso Mas Eko,-7.731497,110.420854,restaurant,sleman
Rumah Makan Rata-Rata,-7.7451336,110.4498647,restaurant,sleman
Bakso dan Mie Ayam Barokah,-7.7592132,110.4495962,restaurant,sleman
Kopi Perahu Prambanan,-7.7506145,110.4852687,restaurant,sleman
Bakmi Jawa Legendaris Mbah Gombloh,-7.7362142,110.479174,restaurant,sleman
Mie Goceng Plus,-7.7597744,110.4707287,restaurant,sleman
Angkringan Soringan Daris,-7.7391894,110.4520085,restaurant,sleman
Penyetan Mas Kobis,-7.7392828,110.4519657,restaurant,sleman
Gendhis,-7.7383062,110.4209346,restaurant,sleman
Warung Makan Keluarga,-7.7525683,110.485842,restaurant,sleman
Waroeng Damandiri,-7.7515497,110.4847861,restaurant,sleman
Bakso & Mie Suketz,-7.7445671,110.4500699,restaurant,sleman
Warmindo Manise,-7.7748111,110.4491718,restaurant,sleman
Bakso Raksasa,-7.7513483,110.4710617,restaurant,sleman
Soto & Bakso Tarunojoyo 2,-7.7744648,110.4633954,restaurant,sleman
Mie Ayam Bakso Tok-Tok,-7.7557494,110.4481768,restaurant,sleman
Gurame Bakar,-7.7527797,110.4482291,restaurant,sleman
Ayam Penyet Kalasan,-7.7753647,110.4626334,restaurant,sleman
Soto Merapi,-7.7607457,110.4705387,restaurant,sleman
RM. Sate Kambing Muda Balibul,-7.7810296,110.4511279,restaurant,sleman
Warmindo Booyah,-7.7726644,110.4489263,restaurant,sleman
Bistik Sapi & Sayur,-7.7770125,110.4494491,restaurant,sleman
Mie Ayam Putera,-7.7593386,110.4472624,restaurant,sleman
Kedai Kita,-7.7765691,110.4493561,restaurant,sleman
Sate Barokah,-7.75754,110.4472302,restaurant,sleman
Bakso & Mie Ayam Nio,-7.7698133,110.4489306,restaurant,sleman
Bakso Sido Khasil,-7.778369,110.4498668,restaurant,sleman
Jogja Chicken,-7.7739914,110.4640397,restaurant,sleman
Bakso Krezzz,-7.7693308,110.4693188,restaurant,sleman
Warung Ayam Goreng Kremes,-7.7500262,110.4487306,restaurant,sleman
Mie Ayam Bakso Anugerah 2,-7.7607002,110.4705394,restaurant,sleman
Warung Siomay Kang Yuda,-7.7495999,110.4711375,restaurant,sleman
Warmindo Speedneet,-7.7445004,110.4716925,restaurant,sleman
Ayam Goreng Nyambleng Jogja,-7.7484409,110.4711565,restaurant,sleman
Warung Makan Dek Kirana,-7.743426,110.47753,restaurant,sleman
Soto dan Gudeg,-7.7521194,110.4709392,restaurant,sleman
Warung Kopi & Warung Makan nDeso,-7.7439321,110.480616,restaurant,sleman
Kedulan Resto & Cafe,-7.7425073,110.4798788,restaurant,sleman
Soto & Angkringan Dhuwur Kalen,-7.7742549,110.4547662,restaurant,sleman
Mbok Reneo Warung,-7.7555963,110.4852554,restaurant,sleman
Warung Lumintu,-7.7372129,110.4453833,restaurant,sleman
Bakso & Mie Ayam CeKa,-7.7354468,110.4367855,restaurant,sleman
Sate Kambing mbak arum,-7.7410823,110.4814268,restaurant,sleman
OmahSawah Food Corner,-7.7388976,110.4283212,restaurant,sleman
Warung Srawung,-7.7369452,110.4519461,restaurant,sleman
Mie Ayam Tiara 2,-7.7371526,110.445249,restaurant,sleman
Ayam Geprek Bu Kris Bogem,-7.7558935,110.4860505,restaurant,sleman
Bakmi Jawa Bu Kris Bogem,-7.7558856,110.485956,restaurant,sleman
Warunk Spesial Pagi Sore,-7.759268,110.4492145,restaurant,sleman
Burjo Borneo,-7.763493,110.4117738,restaurant,sleman
Mie Ayam Wonogiri,-7.7786337,110.4823601,restaurant,sleman
Rocket Chicken,-7.7811447,110.4828285,restaurant,sleman
Kopi Talang,-7.7674461,110.4879601,restaurant,sleman
Pawon Bogem,-7.7547799,110.4813258,restaurant,sleman
Tali Roso,-7.7383698,110.376335,restaurant,sleman
Sate Kambing Pratama,-7.7359536,110.4381679,restaurant,sleman
Angkringan Soka,-7.7532737,110.4441933,restaurant,sleman
Ayam Geprek,-7.7533,110.4446899,restaurant,sleman
Angkringan Kandang,-7.7532889,110.4443913,restaurant,sleman
Nasi Goreng La Vida,-7.7532717,110.4445204,restaurant,sleman
Bakso Dolo,-7.7353767,110.4364806,restaurant,sleman
Pesona Pingka,-7.7355843,110.4149684,restaurant,sleman
Warung Angkringan Mbah Kakung,-7.7343818,110.4299902,restaurant,sleman
Angkringan Mbak Ayu,-7.7427417,110.4615157,restaurant,sleman
Griya Dhahar & Catering Sumilir,-7.7348322,110.4317425,restaurant,sleman
Bakso & Mie Ayam Wonogiri,-7.7362449,110.4179125,restaurant,sleman
Pemadam Kelaparan,-7.7368408,110.4140698,restaurant,sleman
Angkringan Mayor,-7.7414338,110.460858,restaurant,sleman
Bakmi Jawa Wijaya,-7.7367076,110.4206033,restaurant,sleman
Asoka Coffee,-7.739557,110.4011046,restaurant,sleman
Rocket Chicken,-7.7525904,110.4425143,restaurant,sleman
Rumah Makan Milik Kita,-7.7587167,110.4124084,restaurant,sleman
Soto Surabaya Pak Di'to,-7.7578434,110.4089122,restaurant,sleman
Pitoeng Resto,-7.7405728,110.4320712,restaurant,sleman
Choky Spaghetti,-7.745141,110.4339712,restaurant,sleman
Sate Tegal Pak Dhe,-7.7489538,110.4342407,restaurant,sleman
Penyetan Mas Kobis,-7.7452092,110.432489,restaurant,sleman
Bakso Iga & Mie Ayam Kadisoka,-7.7530185,110.4435547,restaurant,sleman
Bakmi Jawa Bulog Restu Ibu,-7.7809526,110.4504579,restaurant,sleman
Warung Mie Ayam Soto Bu Pon,-7.7515265,110.4846781,restaurant,sleman
Sego Wader,-7.7515275,110.4847106,restaurant,sleman
Soto Kadipiro III Kalasan,-7.7755684,110.4621304,restaurant,sleman
Sate Kambing Ngebruk,-7.7779067,110.4579019,restaurant,sleman
Stiku,-7.751526,110.4846493,restaurant,sleman
Kedai Teh Kalasan,-7.7370645,110.478476,restaurant,sleman
Gamestory,-7.7371064,110.4776819,restaurant,sleman
Bakso Restu,-7.7527299,110.4370197,restaurant,sleman
Rumah Makan Rata-Rata,-7.7630486,110.4320319,restaurant,sleman
Heum,-7.7603964,110.4068903,restaurant,sleman
Grafika,-7.760737,110.4778945,restaurant,sleman
Podjok Kopi Kalitirto,-7.7791014,110.4554917,restaurant,sleman
Ngangkruk Sop Daging,-7.775892,110.4614151,restaurant,sleman
Mie Ayam Bakso Soto Campur Raden Kang,-7.7652355,110.4733234,restaurant,sleman
Siomay Kang Wahyu,-7.7598164,110.4781999,restaurant,sleman
Kopi & Resto Rindu Alam Bambu,-7.7626013,110.4760287,restaurant,sleman
Warung Nisza,-7.755767,110.4804833,restaurant,sleman
Sate Kambing Muda Bogem,-7.757079,110.4818088,restaurant,sleman
Salero Roso,-7.7361767,110.4816906,restaurant,sleman
Warmindo Gejoss 99,-7.7797234,110.4060165,restaurant,sleman
Lavana,-7.6006615,110.4267906,restaurant,sleman
Warung Rendang Nusantara,-7.7097311,110.4688912,restaurant,sleman
Bakmi Jowo Mbah Blangkon,-7.7527311,110.4483294,restaurant,sleman
Sate Klathak & Tengkleng Pak Jay,-7.7494744,110.3989888,restaurant,sleman
The Obonk Steak & Ribs,-7.7613767,110.3939335,restaurant,sleman
Seblak Azco 2,-7.7472281,110.4812701,restaurant,sleman
Warung Jadah Tempe Mbah Carik,-7.6806947,110.4188795,restaurant,sleman
Soto Cokro Kembang,-7.7117075,110.4378502,restaurant,sleman
SABIN,-7.7061037,110.436018,restaurant,sleman
Sate 3 Dimensi,-7.7154924,110.4380449,restaurant,sleman
Bakso Pak Yanto,-7.7514087,110.4379274,restaurant,sleman
Family Bakso,-7.7051276,110.4392685,restaurant,sleman
Amerta Kitchen,-7.7182549,110.4380183,restaurant,sleman
Dil Rani Restaurant,-7.7780754,110.3888807,restaurant,sleman
Warmindo Empat Putri,-7.7491798,110.4810555,restaurant,sleman
Soto Tebing Banyunibo,-7.781599,110.4910598,restaurant,sleman
Omah Kopi Tebing Banyunibo,-7.7817576,110.4910752,restaurant,sleman
Dapur Rengkol,-7.7502656,110.4589348,restaurant,sleman
Bakso Mie Ayam Aneka Wonogiri,-7.7333918,110.4720872,restaurant,sleman
Nasi Pecel Pincuk & Rawon Madiun Jeng Rina,-7.751577,110.44846,restaurant,sleman
Liwet Asem Stroberi,-7.6813078,110.4182616,restaurant,sleman
Bakmi Kampoeng Jawa Tajem,-7.7368024,110.4342148,restaurant,sleman
Mie Gacoan,-7.7794868,110.4149618,restaurant,sleman
The Gardens,-7.7731952,110.4086934,restaurant,sleman
Waroeng Steak & Shake - Demangan,-7.7795263,110.3891165,restaurant,sleman
Sushi Tei,-7.7789094,110.3886414,restaurant,sleman
Nasi Kapau Uda Jack,-7.7793483,110.3885344,restaurant,sleman
Omah Lawas,-7.7718423,110.4578339,restaurant,sleman
Mie Ayam & Bakso Tunggal Roso,-7.746796,110.4618864,restaurant,sleman
Mr. Blangkon Garden Resto,-7.6802853,110.4180985,restaurant,sleman
Mie Ayam Pak Tni,-7.7047549,110.4325239,restaurant,sleman
Ceplok Telor,-7.7810564,110.414255,restaurant,sleman
Mie Ayam & Bakso NGEJOOO,-7.7271835,110.4848542,restaurant,sleman
Floating Resto,-7.7197145,110.3570984,restaurant,sleman
Spesial Bakso Jumbo & Mie Ayam Idaman,-7.7362117,110.4849278,restaurant,sleman
Lotek & Gado-Gado Mbak Via,-7.7978184,110.324818,restaurant,sleman
Resto Jogjo Asri,-7.7355448,110.393997,restaurant,sleman
Lesehan Sederhana Mas Yoyok,-7.7358898,110.4851251,restaurant,sleman
Ayam Geprek Pak Wage 2,-7.7663145,110.3816317,restaurant,sleman
Grosir dan Ecer Kelapa Muda Wely,-7.7402635,110.4814136,restaurant,sleman
Gubuk Dhahar Nayla,-7.653146,110.4345376,restaurant,sleman
Toko Kelontong,-7.6409055,110.3646017,restaurant,sleman
Warung Soto,-7.7387642,110.355001,restaurant,sleman
Joglo President,-7.7427333,110.4811963,restaurant,sleman
Balilegi,-7.6458134,110.4345029,restaurant,sleman
Angkringan Sejahtera,-7.6609294,110.4333997,restaurant,sleman
Gress,-7.659278,110.4316268,restaurant,sleman
Warung Eyup,-7.6439358,110.4340706,restaurant,sleman
Brongkos Warung Ijo,-7.6520903,110.3252103,restaurant,sleman
Wader Lombok Ijo,-7.6637829,110.433631,restaurant,sleman
Bakso & Soto Sapi Sami Soko,-7.7721469,110.4669538,restaurant,sleman
Pecel Gendar,-7.7747659,110.4557445,restaurant,sleman
Bakso Pos Wonogiri,-7.7423961,110.4813291,restaurant,sleman
Secluded,-7.7400674,110.3675813,restaurant,sleman
RM Bale Wukir,-7.6587822,110.4426887,restaurant,sleman
Angkringan Wek-ji,-7.6258884,110.4349897,restaurant,sleman
Resto & Pos Jeep RBM,-7.6286813,110.4336758,restaurant,sleman
Resto Omah Lawas,-7.6642023,110.43448,restaurant,sleman
Mie Ayam Bakso Pak Eko Wonogiri,-7.6608062,110.4341118,restaurant,sleman
WPR Fried Chicken,-7.6643802,110.4599614,restaurant,sleman
Warung Manten Anyar,-7.7705154,110.4319972,restaurant,sleman
Warung Steak Cemil,-7.7776906,110.3837488,restaurant,sleman
Sate Kambing Pak Juki,-7.6614649,110.4324956,restaurant,sleman
Angkringan & Bakmi Jawa Pujiroso,-7.6891791,110.4618869,restaurant,sleman
Dunia Kita Coffee & Eatery,-7.7707446,110.4098286,restaurant,sleman
Warung Lokal,-7.7336237,110.399286,restaurant,sleman
Pulen & Kopi Ponti,-7.7716966,110.4454896,restaurant,sleman
Bakso & Mie Ayam Pak Bardi,-7.7393373,110.451963,restaurant,sleman
Bakso & Mie Ayam Mas Punung,-7.7393769,110.4523924,restaurant,sleman
Rumah Makan Cahaya Bundo,-7.7563785,110.4335315,restaurant,sleman
Rumah Makan Padang Asli,-7.7347832,110.4739797,restaurant,sleman
Bakmi Balangan,-7.6610115,110.4323102,restaurant,sleman
Gudeg Mbah Kayah,-7.7850049,110.3115994,restaurant,sleman
Sari Eco,-7.6493131,110.4405619,restaurant,sleman
Kedai Lang-Lang,-7.6614247,110.4327964,restaurant,sleman
Kawan Lamo,-7.7603068,110.4328959,restaurant,sleman
Namyra Warmindo Cafe,-7.7463308,110.4345757,restaurant,sleman
nDalem Maem Anneliese,-7.7496414,110.480973,restaurant,sleman
Warmindo Nopik,-7.7578596,110.4397036,restaurant,sleman
Go!Steak,-7.757214,110.4336513,restaurant,sleman
Kedai Bismillah,-7.712498,110.4851083,restaurant,sleman
Warmindo Matador,-7.776058,110.4577111,restaurant,sleman
Dapoer Eling,-7.745152,110.4336118,restaurant,sleman
Sate Ayam Madura,-7.6829197,110.4376129,restaurant,sleman
Bakso Benhil,-7.6674639,110.4313844,restaurant,sleman
Warmindo Sekawan,-7.7746542,110.4546654,restaurant,sleman
Soto Sapi Pak Ngadiran,-7.7632427,110.3868662,restaurant,sleman
Soto17,-7.7122291,110.3578657,restaurant,sleman
Bobob Chicken Rice Box,-7.7598288,110.4107364,restaurant,sleman
Soto Betawi Pak Bagus,-7.7362409,110.4784308,restaurant,sleman
Nasi Goreng Sedap Malam,-7.7510632,110.4491764,restaurant,sleman
Soto & Angkringan Pawon Mbak Tutik,-7.6652815,110.433049,restaurant,sleman
Cimoll Resto,-7.7356692,110.3992044,restaurant,sleman
Lazorta Durian,-7.7606996,110.362104,restaurant,sleman
Warmindo Kampus,-7.7755709,110.4493991,restaurant,sleman
Bubur Hayam Kotabaru,-7.7597504,110.4227284,restaurant,sleman
Sea Food 99 Mbah Djo,-7.7348254,110.4740281,restaurant,sleman
Warung Makan Ika,-7.7579156,110.3983322,restaurant,sleman
Kobessah,-7.7577181,110.3968226,restaurant,sleman
Soto Ayam Pak Wid Pugeran,-7.7659019,110.4214677,restaurant,sleman
"Warung Geprek ""Laisya""",-7.7653885,110.4215395,restaurant,sleman
Warung Soto & Penyetan Bu Dewi,-7.7644443,110.4206334,restaurant,sleman
Warung Makan Mbah Sayini,-7.7647964,110.4204935,restaurant,sleman
Warmindo Cafe Doa Ibu,-7.7666942,110.4196243,restaurant,sleman
Warmindo Barokah 37,-7.7515229,110.4531555,restaurant,sleman
Kedai Zerosix,-7.7535664,110.4807103,restaurant,sleman
Kedai Makan Bu Eka,-7.753557,110.4802564,restaurant,sleman
Mie Ayam Palembang Afui,-7.7800091,110.4164129,restaurant,sleman
"Mie Ayam ""Pak Mu'in""",-7.7707386,110.4237763,restaurant,sleman
Rumah Makan Padang Murah,-7.7741349,110.4129782,restaurant,sleman
Rumah Makan Padang Pandega,-7.7439621,110.3490509,restaurant,sleman
SS special sambal. Pedas Aibis,-7.77956,110.4087384,restaurant,sleman
Bakmi Pur,-7.7484163,110.363881,restaurant,sleman
Hooflah,-7.7483117,110.3639226,restaurant,sleman
Soto Lamongan Cak Edy,-7.7647319,110.4473182,restaurant,sleman
Warmindo Cafengan,-7.7345023,110.4750836,restaurant,sleman
Warmindo Geulis,-7.7371536,110.4208228,restaurant,sleman
Burjo Borneo,-7.7599171,110.4228382,restaurant,sleman
Burjo Borneo,-7.7750801,110.417267,restaurant,sleman
Nasi Goreng Sedap Malam Khas Tegal,-7.7810265,110.3922977,restaurant,sleman
House of Moragi ( Moragi Mentai ),-7.7810748,110.392297,restaurant,sleman
Rumah Makan Lukito,-7.7514272,110.4281183,restaurant,sleman
Burjo Borneo,-7.6916913,110.4092275,restaurant,sleman
Renea Coffee & Eatery,-7.6900554,110.4156479,restaurant,sleman
Om Bob Susu & Roti Bakar,-7.7488547,110.4342739,restaurant,sleman
Pepper Skul,-7.7488588,110.4342096,restaurant,sleman
Kantin BBPPMPV Seni Budaya,-7.6993016,110.4273371,restaurant,sleman
RM Kaki Gunung,-7.6493562,110.4236465,restaurant,sleman
Kopi Gamol,-7.8067446,110.2943065,restaurant,sleman
Nasi Gandul Bu RT,-7.7516991,110.3727087,restaurant,sleman
Burjo Borneo,-7.7665143,110.4024415,restaurant,sleman
Waroeng Sawah,-7.7684791,110.4596936,restaurant,sleman
Burjo Borneo,-7.7757556,110.3921363,restaurant,sleman
Burjo Loro,-7.7740418,110.4640874,restaurant,sleman
Bakmi & Bajigur Kadin,-7.6768974,110.4175525,restaurant,sleman
Omah Lawas Bu Tri,-7.7377556,110.4821646,restaurant,sleman
Pawon Mbah Gito,-7.7089077,110.4151541,restaurant,sleman
Bakmi Jowo Mas Joyo,-7.7501294,110.4226199,restaurant,sleman
Kopi Galundeng,-7.6397045,110.4400504,restaurant,sleman
Griya Dhahar Sambiroso,-7.7616507,110.4467506,restaurant,sleman
Warteg Kharisma Bahari,-7.7611544,110.432958,restaurant,sleman
Kedai Makan Slenget Merapi,-7.6494891,110.4442102,restaurant,sleman
Angkringan Fans4 Barokah,-7.6515149,110.4440052,restaurant,sleman
Angkringan Mas Kodok,-7.7781317,110.3816455,restaurant,sleman
Pempek Ny. Kamto,-7.7609418,110.3945828,restaurant,sleman
Kedai Sawah Ndoro Bei,-7.7790378,110.4913795,restaurant,sleman
Mie Ayam Bandung 59,-7.776339,110.3902359,restaurant,sleman
Burger Hunter,-7.7760115,110.3917853,restaurant,sleman
Yammie,-7.7768723,110.3929622,restaurant,sleman
Mie Doyok Gejayan,-7.7616394,110.3939345,restaurant,sleman
Warmindo Si Om,-7.7421065,110.3982604,restaurant,sleman
Angkringan Anker,-7.7467082,110.4813848,restaurant,sleman
Ketoprak Sedap Malam,-7.7568015,110.3948067,restaurant,sleman
Waroeng Steak and Shake,-7.7735935,110.404554,restaurant,sleman
Seafood 99,-7.75682,110.3948268,restaurant,sleman
Warmindo Moro Rizky,-7.7680741,110.4390338,restaurant,sleman
Kandang Ingkung Resto&Kopi,-7.8175307,110.2957094,restaurant,sleman
Abby Chicken Nashville,-7.7742934,110.4144809,restaurant,sleman
Jatinangor House,-7.7574333,110.377358,restaurant,sleman
Warung Kayu Manis,-7.7537289,110.4858944,restaurant,sleman
Bakso,-7.7614211,110.3633072,restaurant,sleman
Warung Makan,-7.7596065,110.3640734,restaurant,sleman
Gajah Mada 88,-7.7591155,110.3660093,restaurant,sleman
Bebek Goreng H. Slamet Jombor Jogja,-7.7505851,110.3655911,restaurant,sleman
Warmindo Ngemie,-7.7516986,110.3652999,restaurant,sleman
Bakso Soto Mie Ayam Pak Nono,-7.751957,110.3652099,restaurant,sleman
"Warung Santai ""Porong Blirik""",-7.7556606,110.3644494,restaurant,sleman
Bakso Tusuk Payaman Mas D cabang Imogiri,-7.7555632,110.3647282,restaurant,sleman
"Bakwan kawi bu jarwani, sinduadi",-7.7530856,110.3666017,restaurant,sleman
Warung makan bambu ibu,-7.752777,110.3653628,restaurant,sleman
Omah Sego Jogja,-7.7529626,110.3649359,restaurant,sleman
Rumah Makan Bu Dhe Ning,-7.7539726,110.3648528,restaurant,sleman
Kedai Makan Edelweyz,-7.7544999,110.3647101,restaurant,sleman
Geprek barokah,-7.7546036,110.3662426,restaurant,sleman
Warmindo Ngemie,-7.751711,110.3652995,restaurant,sleman
gudeg bu mugi,-7.7556671,110.3653927,restaurant,sleman
angkringan bu tari,-7.7581166,110.3659861,restaurant,sleman
warung laris,-7.7552955,110.3644615,restaurant,sleman
warung mbah jarwo,-7.7558805,110.3665756,restaurant,sleman
bakso tusuk payman mas d cabang imogiri,-7.7555462,110.3647383,restaurant,sleman
bakso bakar dan sempol ayam bos,-7.7559919,110.3657285,restaurant,sleman
ayam kremes & penyetan arjuna,-7.7566833,110.3653712,restaurant,sleman
Warmindo Moro Rizky,-7.7680649,110.439036,restaurant,sleman
GENKU,-7.739908,110.3923698,restaurant,sleman
Soto Lamongan Cak Ahmad,-7.7549109,110.4102529,restaurant,sleman
Haka Grill,-7.7679021,110.4007985,restaurant,sleman
Warung Siomay Kang Yuda,-7.7439794,110.4715643,restaurant,sleman
Mie Bonafide,-7.7744579,110.4092358,restaurant,sleman
Mie Kriting Medan,-7.7666125,110.3613539,restaurant,sleman
SAKÉCA,-7.770214,110.3050677,restaurant,sleman
Warung Kopi Centhong Jawa,-7.7493558,110.458474,restaurant,sleman
Kedai Makan Mbak Pesta,-7.6693654,110.4230997,restaurant,sleman
Bakmi Jowo Mas Joyo,-7.7501237,110.422574,restaurant,sleman
Warung sate kambing jaya rasa seger,-7.7503092,110.4234233,restaurant,sleman
Warung Pak Gandung,-7.7021876,110.4128523,restaurant,sleman
Mie Ayam Jolali wonogiri,-7.7027365,110.4125279,restaurant,sleman
Sambel Colek,-7.7756569,110.4084173,restaurant,sleman
Madam Tan Indonesian Food,-7.7751711,110.3749082,restaurant,sleman
Twincrabs,-7.7717934,110.432707,restaurant,sleman
Pecel Lele Maju Roso 2,-7.701194,110.4174526,restaurant,sleman
Angkringan Wedangan Sumilir,-7.697349,110.4425283,restaurant,sleman
Blue Heron,-7.7503282,110.4011785,restaurant,sleman
Warmindo Najwa,-7.7780545,110.3846181,restaurant,sleman
Warung Makan Pak Kardi,-7.7717657,110.4328728,restaurant,sleman
Bakso Pikul,-7.7050844,110.4441594,restaurant,sleman
Soto Sor Pring,-7.7022979,110.4443629,restaurant,sleman
Mi Ayam & Bakso Pak Kabul,-7.6836474,110.4365781,restaurant,sleman
Mavia Bakso,-7.7078348,110.3920179,restaurant,sleman
Bakso Pak Waluh,-7.7711583,110.4315897,restaurant,sleman
Joglo Bakso Pikul Enak,-7.7050695,110.4441,restaurant,sleman
Sabdo'roso Soto,-7.734634,110.3407153,restaurant,sleman
Gulai Tjap Nyonya,-7.7762846,110.3954124,restaurant,sleman
Soto Hollywood,-7.6975394,110.4167492,restaurant,sleman
Kopi Galia,-7.6027366,110.44884,restaurant,sleman
Resto 3 Raja,-7.741975,110.3847867,restaurant,sleman
Pawon Mrican,-7.7744927,110.3937597,restaurant,sleman
Warmindo TN,-7.7628523,110.423927,restaurant,sleman
Sego Welut,-7.7610338,110.291391,restaurant,sleman
Sego Empal mBah Èdhèg,-7.7691937,110.4637035,restaurant,sleman
Njonja Belanda,-7.744353,110.4614561,restaurant,sleman
Candhari Heaven,-7.7682635,110.491798,restaurant,sleman
Nasi Padang Padi Rimbun,-7.7207081,110.4027276,restaurant,sleman
Jual Bakso & Mi Ayam,-7.7206261,110.4027991,restaurant,sleman
Bakso Ndeso,-7.7040631,110.4312685,restaurant,sleman
Pawon Tempuran by Toto Dahar,-7.7250582,110.4017789,restaurant,sleman
RM. Padang Buyung Upik,-7.7177884,110.4048775,restaurant,sleman
Bebek Subsidi Jogja - Kaliurang,-7.7166705,110.405845,restaurant,sleman
Warung Ayam Geprek,-7.7263311,110.3989429,restaurant,sleman
Padang Murah,-7.7268675,110.3997626,restaurant,sleman
Nasi Padang,-7.7199491,110.3996855,restaurant,sleman
Jual Gorengan,-7.7199021,110.3998962,restaurant,sleman
Jual Degan Kelapa Muda,-7.7203035,110.4019292,restaurant,sleman
Kremesan Raihan,-7.7231264,110.3999772,restaurant,sleman
Joglo Kerto Darmo,-7.7571527,110.2947491,restaurant,sleman
Mie Ayam dan Bakso Remaja,-7.7770252,110.4351639,restaurant,sleman
Warung Medan,-7.7649203,110.3817391,restaurant,sleman
Ikan Asap Pakbe,-7.7617057,110.3703423,restaurant,sleman
Papiti Jogja,-7.7496806,110.438432,restaurant,sleman
Bu Kadek Khas Bali,-7.7713681,110.4467901,restaurant,sleman
Warung Steak Cemil,-7.7776747,110.383741,restaurant,sleman
Preksu Ayam Geprek & Susu,-7.7777338,110.385055,restaurant,sleman
Risol Pandega Viral,-7.7563813,110.3740711,restaurant,sleman
Amandha Chicken Geprek,-7.7582395,110.4811075,restaurant,sleman
Kantor pusat Omah Sambal Huh Haah,-7.7637818,110.4826146,restaurant,sleman
Bakso Goyang Lidah,-7.7021055,110.4470741,restaurant,sleman
Super Chicken,-7.7765684,110.4352219,restaurant,sleman
Buffet,-7.7792936,110.4000838,restaurant,sleman
Pecel Lele Sujadhi,-7.703496,110.424053,restaurant,sleman
"Marhaba Flavors Restoran – Chicken Fry, Biryani, BBQ & Shawarma - Condongcatur Yogyakarta",-7.7577822,110.4088699,restaurant,sleman
Lotek & Gado-Gado Bu Denok,-7.7448346,110.4195806,restaurant,sleman
Sate Kambing Pakdhe Shingkeer,-7.6596476,110.4010625,restaurant,sleman
Kaizen BBQ,-7.7666181,110.3619203,restaurant,sleman
Bakso dan Mie Ayam Putra Jaya,-7.722457,110.4381717,restaurant,sleman
Gudeg Yu Djum,-7.7655386,110.3801988,restaurant,sleman
RM Padang Pergaulan,-7.7633925,110.3841131,restaurant,sleman
Pem Pek Palembang,-7.7782754,110.4004276,restaurant,sleman
SGPC Bu wiryo,-7.7667005,110.384923,restaurant,sleman
SS Special Sambal Pandega,-7.7559902,110.376604,restaurant,sleman
Katsu - Katsu Jakal,-7.7522567,110.3846279,restaurant,sleman
Xtra Hot,-7.75117,110.3857541,restaurant,sleman
Warung Makan Sederhana,-7.7550805,110.3765938,restaurant,sleman
Zu-pa,-7.7557994,110.3764581,restaurant,sleman
Sociolla Jogja Office,-7.7624661,110.3941574,restaurant,sleman
Kindai,-7.7650586,110.3962901,restaurant,sleman
Bakso Temanggung,-7.7632049,110.3938838,restaurant,sleman
Waroeng Penyet,-7.7635545,110.3937926,restaurant,sleman
Laris,-7.7759794,110.4007074,restaurant,sleman
L'Cost,-7.7751857,110.4003367,restaurant,sleman
i love nasigoreng,-7.7659908,110.3800719,restaurant,sleman
Lesehan Pak Isnen,-7.7696678,110.4238769,restaurant,sleman
Flamboyan,-7.7660616,110.3898809,restaurant,sleman
SS - Spesial Sambal,-7.7581009,110.3967134,restaurant,sleman
Gilemno,-7.7764924,110.4112978,restaurant,sleman
Somayoga,-7.7753995,110.4090239,restaurant,sleman
Kring Krong Foodcourt,-7.7339469,110.3891412,restaurant,sleman
Pondok Raza,-7.6670079,110.4170052,restaurant,sleman
Ayam Geprek Eskom,-7.6964694,110.4177333,restaurant,sleman
Gudeng Yu Djum,-7.8021087,110.3138853,restaurant,sleman
Paradise Resto,-7.8028761,110.3142919,restaurant,sleman
Rumah Makan Ambarketawang,-7.802893,110.3127061,restaurant,sleman
Palm Kuning,-7.7608051,110.3781888,restaurant,sleman
Mie Godiok,-7.7591161,110.3766163,restaurant,sleman
ToeToeng,-7.7590252,110.3764769,restaurant,sleman
Classic,-7.7600183,110.3763048,restaurant,sleman
TIPS,-7.7783113,110.3937751,restaurant,sleman
Warung Maharasa 12,-7.7560269,110.3762854,restaurant,sleman
Phuket,-7.7791853,110.392295,restaurant,sleman
Warung Soto,-7.8009303,110.313844,restaurant,sleman
Soto Sokaraja,-7.7996037,110.3160477,restaurant,sleman
Rumah Makan Duta Minang,-7.7625288,110.3800912,restaurant,sleman
RM Padang Sederhana,-7.7572618,110.3824393,restaurant,sleman
Sate Maranggi,-7.7636648,110.3793658,restaurant,sleman
bakso tusuk payaman mas d cabang imogiri,-7.7555641,110.3647355,restaurant,sleman
bakso bakar dan sempol ayam bos,-7.7560209,110.365728,restaurant,sleman
ayam kremes & penyetan arjuna,-7.756682,110.365348,restaurant,sleman
Ayam Saos Pedas,-7.7000812,110.4152599,restaurant,sleman
Rumah Makan Bu Mondro,-7.7048069,110.4126369,restaurant,sleman
Dappoermu,-7.7082405,110.4220964,restaurant,sleman
Sate Seturan,-7.7678185,110.4099895,restaurant,sleman
Martabak Casablanca,-7.7701369,110.409529,restaurant,sleman
Warung Makan Indomie,-7.7778233,110.3957946,restaurant,sleman
Selat Solo,-7.7210214,110.4028501,restaurant,sleman
Bakmi Jowo Handayani,-7.7215384,110.4025831,restaurant,sleman
Warung Makan Nayla,-7.7190891,110.4046938,restaurant,sleman
Lesehan Ayam Sore,-7.721345,110.403137,restaurant,sleman
Bakmi Jawa Pak Yono,-7.7160418,110.4057948,restaurant,sleman
Mas Pee,-7.7164714,110.406217,restaurant,sleman
Baleroso Sinduharjo,-7.7143945,110.4065034,restaurant,sleman
Burjo pamungkas,-7.7676899,110.3938194,restaurant,sleman
Sambal 55,-7.7049475,110.4121699,restaurant,sleman
UD Gudeg Kendhil,-7.7632746,110.3828099,restaurant,sleman
Dapur Syurga,-7.7571027,110.3833309,restaurant,sleman
Waroeng Steak and Shake,-7.7575204,110.3848945,restaurant,sleman
Warunk Upnormal,-7.7568849,110.3830014,restaurant,sleman
Burjo Hejo,-7.7565281,110.3748988,restaurant,sleman
Rumah Makan LS,-7.6988364,110.4164063,restaurant,sleman
Ayam Geprek Mas Kobis,-7.6988482,110.4182841,restaurant,sleman
Warmindo El,-7.6983978,110.4156091,restaurant,sleman
Street Sushi Palagan,-7.7447828,110.3735865,restaurant,sleman
Mie Ayam Bakso Semangat,-7.6835673,110.4124468,restaurant,sleman
Pondok Makan Pinggir Sawah,-7.6766883,110.4177799,restaurant,sleman
Mie Ayam dan Bakso,-7.747018,110.3697049,restaurant,sleman
Gudeg Yu Narni Palagan,-7.7467678,110.3728182,restaurant,sleman
Katsu - Katsu Jakal,-7.7522969,110.384718,restaurant,sleman
Gepreki Ayam Geprek Indonesia,-7.7453517,110.399143,restaurant,sleman
El Primo Sausage,-7.7087899,110.3876578,restaurant,sleman
Pak Leman,-7.7644637,110.4115106,restaurant,sleman
Kedai Mie Ayam,-7.7810984,110.4144835,restaurant,sleman
Xtra Hot,-7.7511339,110.3856493,restaurant,sleman
Bakso Pak Narto,-7.7502325,110.3859042,restaurant,sleman
Xtra Hot,-7.7513739,110.3853182,restaurant,sleman
Rumah Makan Pring Sewu,-7.7283726,110.3639792,restaurant,sleman
The Westlake Resto,-7.7471689,110.3380301,restaurant,sleman
Warung Angkring Lesehan,-7.7166918,110.3699681,restaurant,sleman
Soto Kudus,-7.7373098,110.3934791,restaurant,sleman
Ayam Taliwang Pak Wono,-7.7367338,110.394109,restaurant,sleman
Warung Nyi Nyimut,-7.7046304,110.4333541,restaurant,sleman
Pizza Sawah,-7.7056866,110.4260507,restaurant,sleman
Olive Fried Chicken,-7.7563351,110.4231058,restaurant,sleman
Warmindo Hidayah,-7.7723991,110.4163804,restaurant,sleman
"Warung Makan Sego Pecel & Soto Jawa ""Alaz"" Bu Endang",-7.7755062,110.4232961,restaurant,sleman
Top Sea Food,-7.7740632,110.4146282,restaurant,sleman
"Rumah Mertamu Rumah Makan, Offroad",-7.7289481,110.3871664,restaurant,sleman
Soto & Tongseng Pak Nawi,-7.7220683,110.3868251,restaurant,sleman
Lotek Bu Nanik,-7.7264868,110.3883303,restaurant,sleman
Muara Kapuas,-7.7225697,110.3877811,restaurant,sleman
Bakso Mie Cakar,-7.7223801,110.3882618,restaurant,sleman
Family Bakso,-7.7429593,110.4716923,restaurant,sleman
Bakso Pak Hedrik,-7.7567568,110.3564607,restaurant,sleman
Warung Burjo Arya Kemuning,-7.7570734,110.3566013,restaurant,sleman
Warung Makan,-7.6454679,110.3242184,restaurant,sleman
Canteen,-7.7679758,110.3847097,restaurant,sleman
The Icon Steak and Grill,-7.7557715,110.3914317,restaurant,sleman
Warung Makan Nggir Lepen Ibu Sri,-7.7595163,110.372245,restaurant,sleman
Lotek & Gado-gado Colombo,-7.7643842,110.4115345,restaurant,sleman
Warung Makan Anggrek,-7.7630469,110.4046514,restaurant,sleman
Meetup Cafe,-7.7630362,110.4056668,restaurant,sleman
Lesehan Devina,-7.7627999,110.4035707,restaurant,sleman
ra,-7.7492835,110.412278,restaurant,sleman
fd,-7.7489328,110.4122447,restaurant,sleman
Chikenpedia,-7.7683715,110.4052387,restaurant,sleman
Gudeg Hj. Amad (Gudeg Mbarek),-7.7657156,110.3793238,restaurant,sleman
Rica Rica Kalkun,-7.7484394,110.3877794,restaurant,sleman
Sate Kambing Ponorgo,-7.7311633,110.3828264,restaurant,sleman
Napoli,-7.7317128,110.3834734,restaurant,sleman
Gado-Gado & Lotek,-7.7313766,110.3826153,restaurant,sleman
Pempek & Siomay,-7.731341,110.382487,restaurant,sleman
Mie Ayam & Bakso,-7.7312161,110.381997,restaurant,sleman
Pasta Banget Signature,-7.73202,110.3818127,restaurant,sleman
Ayam Betutu Khas Gilimanuk Bali,-7.7321252,110.3817046,restaurant,sleman
Tengkleng,-7.7311389,110.3812829,restaurant,sleman
Jiwangga,-7.7404573,110.4450777,restaurant,sleman
Ngudi Rejeki,-7.7637482,110.3736787,restaurant,sleman
Lesehan Aldan,-7.7006362,110.4153134,restaurant,sleman
Parsley,-7.7680345,110.4098202,restaurant,sleman
Spesial Sambal,-7.7783518,110.3368063,restaurant,sleman
Sate Padang Mak Ngah Malam,-7.7804241,110.3464213,restaurant,sleman
Snack Bar Warung Gherobak,-7.7719477,110.4160981,restaurant,sleman
Warung Makan Barokah,-7.7682823,110.4184499,restaurant,sleman
Moro Kangen,-7.7687078,110.419389,restaurant,sleman
Warung Soto Ayam Bang Trio,-7.7811119,110.4720539,restaurant,sleman
Mie Ayam dan Bakso Ceria 2,-7.7784306,110.4770392,restaurant,sleman
Moro Seneng,-7.7802649,110.4761687,restaurant,sleman
Soto Babat & Bakso Bu Pri,-7.7803168,110.4759336,restaurant,sleman
Gorengan Qsra Cirebon,-7.7797812,110.4761159,restaurant,sleman
Warung Makan Bu Kris,-7.7775371,110.4698676,restaurant,sleman
Soto Batok Mbah Wiro,-7.7779426,110.4745388,restaurant,sleman
Lidah Jawa,-7.7317916,110.3813265,restaurant,sleman
Pondok Patin Bakar,-7.7315611,110.3840321,restaurant,sleman
Rumah Makan 99,-7.7310128,110.3798184,restaurant,sleman
Ayam Geprek Pak Gembus,-7.7044147,110.4124444,restaurant,sleman
Padang Murah Meriah,-7.762284,110.3753375,restaurant,sleman
Little Goo Eatery & Playzone,-7.7282817,110.3802359,restaurant,sleman
Yaaang Ti,-7.6166371,110.4265915,restaurant,sleman
Kalura Secret Garden,-7.6202412,110.4130164,restaurant,sleman
Resto PKL Mrican,-7.7756204,110.3938577,restaurant,sleman
Rumah Makan Lestari,-7.7818074,110.4046896,restaurant,sleman
Warung Makan Mbak Elly,-7.6463841,110.3230999,restaurant,sleman
Rocket Chicken,-7.7715042,110.4679232,restaurant,sleman
Bakso Super Jepang,-7.7791228,110.4548246,restaurant,sleman
Soto dan Ayam Goreng Mekar Jaya,-7.7788837,110.4551959,restaurant,sleman
Mie Ayam Afui,-7.7636756,110.3779341,restaurant,sleman
Nasi Goreng Bu Minah,-7.7625759,110.3749961,restaurant,sleman
Capitea,-7.7781061,110.3926301,restaurant,sleman
Hakata Ikkousha,-7.7780524,110.3926477,restaurant,sleman
Loving Hut,-7.7780073,110.3926623,restaurant,sleman
Tahu Go,-7.7623981,110.3785453,restaurant,sleman
Bungong Jeumpa,-7.7623301,110.3785477,restaurant,sleman
Kedaiku,-7.7634256,110.3736057,restaurant,sleman
Rajaklana Resto,-7.8298838,110.2876831,restaurant,sleman
Kantin FIAI,-7.6871418,110.4097828,restaurant,sleman
kenes,-7.7581848,110.3626149,restaurant,sleman
Sambel Cowek,-7.7628715,110.3881182,restaurant,sleman
Gubug Lor Ndeso,-7.6322713,110.4242723,restaurant,sleman
Sate Kambing Mbah Giran,-7.7371777,110.4450872,restaurant,sleman
Satria Resto Prambanan,-7.7427625,110.4818576,restaurant,sleman
Angkringan Pamungkas,-7.7785106,110.4551412,restaurant,sleman
Warung Iyup,-7.7381782,110.4210546,restaurant,sleman
Destiny Resto Plus Coffee,-7.7588236,110.4782426,restaurant,sleman
"Ayam Panggang Magetan ""Mbah Mo""",-7.6704145,110.4183692,restaurant,sleman
Gudeg Bu Tangguh,-7.7064908,110.4368426,restaurant,sleman
Soto Ayam Depok,-7.8036696,110.3071182,restaurant,sleman
Sabana Murah 09 UGM,-7.7663931,110.3815996,restaurant,sleman
Warung Sate Kambing Muda Sedan,-7.6545055,110.3822342,restaurant,sleman
Super Chicken,-7.7743415,110.4642298,restaurant,sleman
Warung Makan,-7.6465855,110.3231932,restaurant,sleman
RM. Padang Murah Meriah,-7.8018293,110.316444,restaurant,sleman
Mie Gacoan,-7.779521,110.4151203,restaurant,sleman
Pawon Omah Mbesi,-7.6861239,110.4294869,restaurant,sleman
Jual Lele Bakar,-7.7262607,110.3988159,restaurant,sleman
Warmindo Corner,-7.7658769,110.3843338,restaurant,sleman
Soto Sapi Pak Ngadiran,-7.7632764,110.3868469,restaurant,sleman
Pusat Jajanan Lembah UGM,-7.7703574,110.3818115,restaurant,sleman
Warung Makan Mbak Yanti,-7.772408,110.3851499,restaurant,sleman
Tanpa Nama,-7.8464181,110.4794987,cafe,bantul
Tanpa Nama,-7.8218779,110.4164924,convenience,bantul
Tanpa Nama,-7.8217073,110.4149684,convenience,bantul
Tanpa Nama,-7.8216439,110.4151943,convenience,bantul
Tanpa Nama,-7.7984359,110.4123036,convenience,bantul
Tanpa Nama,-7.7886114,110.377343,laundry,bantul
Tanpa Nama,-7.8240689,110.3336479,restaurant,bantul
Tanpa Nama,-7.798407,110.4025287,restaurant,bantul
Tanpa Nama,-7.9300695,110.430569,restaurant,bantul
Tanpa Nama,-7.8371961,110.4852375,restaurant,bantul
Tanpa Nama,-7.8467384,110.3560633,restaurant,bantul
Tanpa Nama,-7.8469988,110.3560547,restaurant,bantul
Tanpa Nama,-7.8462226,110.3561067,restaurant,bantul
Tanpa Nama,-7.8316624,110.4261414,restaurant,bantul
Tanpa Nama,-7.8299202,110.3802862,restaurant,bantul
Tanpa Nama,-7.7874846,110.4052085,restaurant,bantul
Tanpa Nama,-7.9668427,110.5898854,cafe,gunungkidul
Tanpa Nama,-7.9140644,110.5701818,cafe,gunungkidul
Tanpa Nama,-7.7925747,110.3536371,convenience,gunungkidul
Tanpa Nama,-7.7936097,110.3627688,convenience,gunungkidul
Tanpa Nama,-7.9618872,110.690093,convenience,gunungkidul
Tanpa Nama,-7.9530383,110.6794211,convenience,gunungkidul
Tanpa Nama,-7.7867828,110.3787663,convenience,gunungkidul
Tanpa Nama,-7.9992647,110.6653569,convenience,gunungkidul
Tanpa Nama,-8.0312551,110.7799394,convenience,gunungkidul
Tanpa Nama,-7.9758729,110.6112093,convenience,gunungkidul
Tanpa Nama,-8.0005831,110.6571252,convenience,gunungkidul
Tanpa Nama,-7.9998787,110.7048554,convenience,gunungkidul
Tanpa Nama,-7.9967572,110.6504095,convenience,gunungkidul
Tanpa Nama,-8.0254165,110.8229729,convenience,gunungkidul
Tanpa Nama,-7.9191174,110.5235966,convenience,gunungkidul
Tanpa Nama,-7.8179886,110.3712927,convenience,gunungkidul
Tanpa Nama,-7.7838316,110.4107159,convenience,gunungkidul
Tanpa Nama,-7.7936722,110.3655796,convenience,gunungkidul
Tanpa Nama,-7.847036,110.5472591,convenience,gunungkidul
Tanpa Nama,-7.7846114,110.4363704,convenience,gunungkidul
Tanpa Nama,-7.8162698,110.3626161,restaurant,gunungkidul
Tanpa Nama,-7.8166507,110.381288,restaurant,gunungkidul
Tanpa Nama,-7.8078071,110.3612834,restaurant,gunungkidul
Tanpa Nama,-7.7823862,110.6270936,restaurant,gunungkidul
Tanpa Nama,-7.8176861,110.3579526,restaurant,gunungkidul
Tanpa Nama,-7.8954849,110.520343,restaurant,gunungkidul
Tanpa Nama,-7.7821434,110.4829176,restaurant,gunungkidul
Tanpa Nama,-7.7894302,110.4828681,restaurant,gunungkidul
Tanpa Nama,-7.7861868,110.4827264,restaurant,gunungkidul
Tanpa Nama,-7.876001,110.5315882,restaurant,gunungkidul
Tanpa Nama,-8.0245835,110.8242158,restaurant,gunungkidul
Tanpa Nama,-8.0060546,110.8325484,restaurant,gunungkidul
Tanpa Nama,-7.7825694,110.4447592,restaurant,gunungkidul
Tanpa Nama,-7.7823155,110.5061443,restaurant,gunungkidul
Tanpa Nama,-8.1212368,110.514716,restaurant,gunungkidul
Tanpa Nama,-8.1210984,110.5146306,restaurant,gunungkidul
Tanpa Nama,-8.1203425,110.5144505,restaurant,gunungkidul
Tanpa Nama,-8.1207474,110.5142662,restaurant,gunungkidul
Tanpa Nama,-8.1206864,110.5145175,restaurant,gunungkidul
Tanpa Nama,-8.1208128,110.5145157,restaurant,gunungkidul
Tanpa Nama,-7.7938654,110.3651853,restaurant,gunungkidul
Tanpa Nama,-7.7880998,110.3735604,restaurant,gunungkidul
Tanpa Nama,-7.7882808,110.37363,restaurant,gunungkidul
Tanpa Nama,-7.8321727,110.6323643,restaurant,gunungkidul
Tanpa Nama,-7.7979751,110.3815222,cafe,kota_yogyakarta
Tanpa Nama,-7.8092127,110.3771158,cafe,kota_yogyakarta
Tanpa Nama,-7.8013952,110.3717204,cafe,kota_yogyakarta
Tanpa Nama,-7.7990933,110.3723329,cafe,kota_yogyakarta
Tanpa Nama,-7.8193381,110.3730231,cafe,kota_yogyakarta
Tanpa Nama,-7.7886051,110.3785963,cafe,kota_yogyakarta
Tanpa Nama,-7.7700397,110.3549471,convenience,kota_yogyakarta
Tanpa Nama,-7.8985472,110.0596921,cafe,kulon_progo
Tanpa Nama,-7.6935651,110.0225602,cafe,kulon_progo
Tanpa Nama,-7.6754416,110.0102617,cafe,kulon_progo
Tanpa Nama,-7.6684829,110.0496701,cafe,kulon_progo
Tanpa Nama,-7.7572557,110.0327152,cafe,kulon_progo
Tanpa Nama,-7.7030648,110.0041682,cafe,kulon_progo
Tanpa Nama,-7.7197792,110.0241362,cafe,kulon_progo
Tanpa Nama,-7.6965577,110.0267925,cafe,kulon_progo
Tanpa Nama,-7.7064288,110.0245766,cafe,kulon_progo
Tanpa Nama,-7.7063653,110.0264416,cafe,kulon_progo
Tanpa Nama,-7.6879308,110.0040678,cafe,kulon_progo
Tanpa Nama,-7.7026482,110.0209888,cafe,kulon_progo
Tanpa Nama,-7.6932287,110.0292267,cafe,kulon_progo
Tanpa Nama,-7.686546,110.0194187,cafe,kulon_progo
Tanpa Nama,-7.6861631,110.0338603,cafe,kulon_progo
Tanpa Nama,-7.6993883,110.0093685,cafe,kulon_progo
Tanpa Nama,-7.7189897,110.0318527,cafe,kulon_progo
Tanpa Nama,-7.7457598,110.0179219,cafe,kulon_progo
Tanpa Nama,-7.732441,110.0475464,cafe,kulon_progo
Tanpa Nama,-7.7201734,110.0337497,cafe,kulon_progo
Tanpa Nama,-7.720466,110.0390061,cafe,kulon_progo
Tanpa Nama,-7.7297158,110.0477365,cafe,kulon_progo
Tanpa Nama,-7.7307936,110.0467523,cafe,kulon_progo
Tanpa Nama,-7.69606,110.014249,cafe,kulon_progo
Tanpa Nama,-7.8002676,110.0055088,cafe,kulon_progo
Tanpa Nama,-7.7992832,110.0052178,cafe,kulon_progo
Tanpa Nama,-7.7378628,110.0424845,cafe,kulon_progo
Tanpa Nama,-7.7420143,110.0305176,cafe,kulon_progo
Tanpa Nama,-7.7297842,110.0274384,cafe,kulon_progo
Tanpa Nama,-7.7595833,110.0059923,cafe,kulon_progo
Tanpa Nama,-7.6889849,110.0404243,cafe,kulon_progo
Tanpa Nama,-7.887923,110.0360775,convenience,kulon_progo
Tanpa Nama,-7.8066074,110.2361593,restaurant,kulon_progo
Tanpa Nama,-7.7698252,110.1210249,restaurant,kulon_progo
Tanpa Nama,-7.8850713,110.0403783,restaurant,kulon_progo
Tanpa Nama,-7.7053949,110.0068522,restaurant,kulon_progo
Tanpa Nama,-7.6532157,110.0472951,restaurant,kulon_progo
Tanpa Nama,-7.6502329,110.0473858,restaurant,kulon_progo
Tanpa Nama,-7.6546188,110.0469013,restaurant,kulon_progo
Tanpa Nama,-7.8124488,110.116321,restaurant,kulon_progo
Tanpa Nama,-7.6714603,110.0565098,restaurant,kulon_progo
Tanpa Nama,-7.6764446,110.0114454,restaurant,kulon_progo
Tanpa Nama,-7.6736816,110.0103413,restaurant,kulon_progo
Tanpa Nama,-7.6420932,110.0224051,restaurant,kulon_progo
Tanpa Nama,-7.6807232,110.0111548,restaurant,kulon_progo
Tanpa Nama,-7.6983648,110.0210394,restaurant,kulon_progo
Tanpa Nama,-7.6995056,110.020224,restaurant,kulon_progo
Tanpa Nama,-7.7025492,110.0228013,restaurant,kulon_progo
Tanpa Nama,-7.7026998,110.0231508,restaurant,kulon_progo
Tanpa Nama,-7.6694071,110.0181679,restaurant,kulon_progo
Tanpa Nama,-7.697451,110.0214731,restaurant,kulon_progo
Tanpa Nama,-7.702062,110.0254311,restaurant,kulon_progo
Tanpa Nama,-7.6520631,110.0598451,restaurant,kulon_progo
Tanpa Nama,-7.6724453,110.0515259,restaurant,kulon_progo
Tanpa Nama,-7.7028356,110.0273392,restaurant,kulon_progo
Tanpa Nama,-7.7015072,110.0250475,restaurant,kulon_progo
Tanpa Nama,-7.6611983,110.0263537,restaurant,kulon_progo
Tanpa Nama,-7.6606494,110.0261926,restaurant,kulon_progo
Tanpa Nama,-7.6969627,110.019774,restaurant,kulon_progo
Tanpa Nama,-7.6866617,110.0093065,restaurant,kulon_progo
Tanpa Nama,-7.6898137,110.0170485,restaurant,kulon_progo
Tanpa Nama,-7.6681046,110.0481082,restaurant,kulon_progo
Tanpa Nama,-7.6674973,110.0293999,restaurant,kulon_progo
Tanpa Nama,-7.646387,110.048912,restaurant,kulon_progo
Tanpa Nama,-7.6481303,110.0488137,restaurant,kulon_progo
Tanpa Nama,-7.6478722,110.0482971,restaurant,kulon_progo
Tanpa Nama,-7.6478204,110.0479747,restaurant,kulon_progo
Tanpa Nama,-7.6575436,110.0596041,restaurant,kulon_progo
Tanpa Nama,-7.6575421,110.0594329,restaurant,kulon_progo
Tanpa Nama,-7.7058613,110.0222675,restaurant,kulon_progo
Tanpa Nama,-7.6622809,110.050024,restaurant,kulon_progo
Tanpa Nama,-7.6606544,110.050208,restaurant,kulon_progo
Tanpa Nama,-7.7033777,110.0040355,restaurant,kulon_progo
Tanpa Nama,-7.703645,110.0044062,restaurant,kulon_progo
Tanpa Nama,-7.6599952,110.0565415,restaurant,kulon_progo
Tanpa Nama,-7.6591455,110.0452619,restaurant,kulon_progo
Tanpa Nama,-7.6672241,110.0492891,restaurant,kulon_progo
Tanpa Nama,-7.6915752,110.0301865,restaurant,kulon_progo
Tanpa Nama,-7.6602691,110.0498725,restaurant,kulon_progo
Tanpa Nama,-7.6601185,110.0493164,restaurant,kulon_progo
Tanpa Nama,-7.7060146,110.0288221,restaurant,kulon_progo
Tanpa Nama,-7.6487079,110.0477175,restaurant,kulon_progo
Tanpa Nama,-7.6595358,110.0314341,restaurant,kulon_progo
Tanpa Nama,-7.6429623,110.0227139,restaurant,kulon_progo
Tanpa Nama,-7.6430407,110.0227153,restaurant,kulon_progo
Tanpa Nama,-7.6952055,110.0129286,restaurant,kulon_progo
Tanpa Nama,-7.6445633,110.049673,restaurant,kulon_progo
Tanpa Nama,-7.6424358,110.0504838,restaurant,kulon_progo
Tanpa Nama,-7.6434445,110.046082,restaurant,kulon_progo
Tanpa Nama,-7.6917908,110.0175886,restaurant,kulon_progo
Tanpa Nama,-7.6860127,110.0085392,restaurant,kulon_progo
Tanpa Nama,-7.6860746,110.0088826,restaurant,kulon_progo
Tanpa Nama,-7.6848052,110.0071766,restaurant,kulon_progo
Tanpa Nama,-7.7201347,110.0241721,restaurant,kulon_progo
Tanpa Nama,-7.7170688,110.0248862,restaurant,kulon_progo
Tanpa Nama,-7.7167346,110.0265011,restaurant,kulon_progo
Tanpa Nama,-7.6502505,110.0248386,restaurant,kulon_progo
Tanpa Nama,-7.7065839,110.023965,restaurant,kulon_progo
Tanpa Nama,-7.705977,110.02538,restaurant,kulon_progo
Tanpa Nama,-7.7060487,110.0275726,restaurant,kulon_progo
Tanpa Nama,-7.706123,110.0272469,restaurant,kulon_progo
Tanpa Nama,-7.661857,110.038589,restaurant,kulon_progo
Tanpa Nama,-7.6462964,110.0235134,restaurant,kulon_progo
Tanpa Nama,-7.660738,110.032808,restaurant,kulon_progo
Tanpa Nama,-7.699436,110.0036908,restaurant,kulon_progo
Tanpa Nama,-7.6985311,110.0189228,restaurant,kulon_progo
Tanpa Nama,-7.704325,110.0282646,restaurant,kulon_progo
Tanpa Nama,-7.7053825,110.0293611,restaurant,kulon_progo
Tanpa Nama,-7.7048034,110.0292972,restaurant,kulon_progo
Tanpa Nama,-7.7048132,110.0291728,restaurant,kulon_progo
Tanpa Nama,-7.6640997,110.0383316,restaurant,kulon_progo
Tanpa Nama,-7.6630269,110.0382444,restaurant,kulon_progo
Tanpa Nama,-7.7021151,110.0200236,restaurant,kulon_progo
Tanpa Nama,-7.6861853,110.0239309,restaurant,kulon_progo
Tanpa Nama,-7.6993938,110.0257734,restaurant,kulon_progo
Tanpa Nama,-7.6911591,110.020905,restaurant,kulon_progo
Tanpa Nama,-7.6877322,110.0189284,restaurant,kulon_progo
Tanpa Nama,-7.6855962,110.0340835,restaurant,kulon_progo
Tanpa Nama,-7.704268,110.0271354,restaurant,kulon_progo
Tanpa Nama,-7.6853431,110.02939,restaurant,kulon_progo
Tanpa Nama,-7.6891497,110.0286956,restaurant,kulon_progo
Tanpa Nama,-7.6875534,110.0328957,restaurant,kulon_progo
Tanpa Nama,-7.6877347,110.0321801,restaurant,kulon_progo
Tanpa Nama,-7.6862621,110.0333778,restaurant,kulon_progo
Tanpa Nama,-7.6976016,110.0210105,restaurant,kulon_progo
Tanpa Nama,-7.7008032,110.0083846,restaurant,kulon_progo
Tanpa Nama,-7.7017078,110.0086137,restaurant,kulon_progo
Tanpa Nama,-7.7003915,110.0189972,restaurant,kulon_progo
Tanpa Nama,-7.7019278,110.0187187,restaurant,kulon_progo
Tanpa Nama,-7.699173,110.0185145,restaurant,kulon_progo
Tanpa Nama,-7.6961982,110.0148389,restaurant,kulon_progo
Tanpa Nama,-7.6952673,110.0152427,restaurant,kulon_progo
Tanpa Nama,-7.6951792,110.0157525,restaurant,kulon_progo
Tanpa Nama,-7.6985132,110.0083851,restaurant,kulon_progo
Tanpa Nama,-7.6983248,110.0084749,restaurant,kulon_progo
Tanpa Nama,-7.7196949,110.0299145,restaurant,kulon_progo
Tanpa Nama,-7.7198819,110.0313711,restaurant,kulon_progo
Tanpa Nama,-7.7185318,110.0314322,restaurant,kulon_progo
Tanpa Nama,-7.7055667,110.0070966,restaurant,kulon_progo
Tanpa Nama,-7.6610039,110.0335496,restaurant,kulon_progo
Tanpa Nama,-7.6618254,110.0347597,restaurant,kulon_progo
Tanpa Nama,-7.842275,110.0199304,restaurant,kulon_progo
Tanpa Nama,-7.6576527,110.0591837,restaurant,kulon_progo
Tanpa Nama,-7.8067469,110.2370209,restaurant,kulon_progo
Tanpa Nama,-7.7015618,110.024817,restaurant,kulon_progo
Tanpa Nama,-7.7212388,110.0387047,restaurant,kulon_progo
Tanpa Nama,-7.7209981,110.0372402,restaurant,kulon_progo
Tanpa Nama,-7.8219511,110.0164296,restaurant,kulon_progo
Tanpa Nama,-7.7886372,110.0135151,restaurant,kulon_progo
Tanpa Nama,-7.7143356,110.025535,restaurant,kulon_progo
Tanpa Nama,-7.7153226,110.024971,restaurant,kulon_progo
Tanpa Nama,-7.713502,110.0255038,restaurant,kulon_progo
Tanpa Nama,-7.7072591,110.0238798,restaurant,kulon_progo
Tanpa Nama,-7.7069428,110.0255008,restaurant,kulon_progo
Tanpa Nama,-7.70675,110.0263336,restaurant,kulon_progo
Tanpa Nama,-7.706767,110.0275078,restaurant,kulon_progo
Tanpa Nama,-7.6435036,110.0227718,restaurant,kulon_progo
Tanpa Nama,-7.6533266,110.0268785,restaurant,kulon_progo
Tanpa Nama,-7.6610162,110.0333081,restaurant,kulon_progo
Tanpa Nama,-7.6674689,110.0334265,restaurant,kulon_progo
Tanpa Nama,-7.6690615,110.017881,restaurant,kulon_progo
Tanpa Nama,-7.6862154,110.006559,restaurant,kulon_progo
Tanpa Nama,-7.6901287,110.0092068,restaurant,kulon_progo
Tanpa Nama,-7.6852091,110.0191021,restaurant,kulon_progo
Tanpa Nama,-7.6860923,110.0175759,restaurant,kulon_progo
Tanpa Nama,-7.6881384,110.0233451,restaurant,kulon_progo
Tanpa Nama,-7.6890797,110.031801,restaurant,kulon_progo
Tanpa Nama,-7.6977292,110.01285,restaurant,kulon_progo
Tanpa Nama,-7.7131223,110.0437778,restaurant,kulon_progo
Tanpa Nama,-7.7059614,110.020592,restaurant,kulon_progo
Tanpa Nama,-7.7145656,110.0254805,restaurant,kulon_progo
Tanpa Nama,-7.7582129,110.3774113,cafe,sleman
Tanpa Nama,-7.7583798,110.3684407,cafe,sleman
Tanpa Nama,-7.7783162,110.4136304,cafe,sleman
Tanpa Nama,-7.7315398,110.3992067,cafe,sleman
Tanpa Nama,-7.7789349,110.3905308,cafe,sleman
Tanpa Nama,-7.7619115,110.3695318,cafe,sleman
Tanpa Nama,-7.759687,110.369698,cafe,sleman
Tanpa Nama,-7.7546418,110.382131,cafe,sleman
Tanpa Nama,-7.7576382,110.3783076,cafe,sleman
Tanpa Nama,-7.7585789,110.3790729,cafe,sleman
Tanpa Nama,-7.7548354,110.3799314,cafe,sleman
Tanpa Nama,-7.755203,110.3820385,cafe,sleman
Tanpa Nama,-7.7570155,110.3795505,cafe,sleman
Tanpa Nama,-7.7855897,110.3932332,cafe,sleman
Tanpa Nama,-7.7759643,110.4098128,cafe,sleman
Tanpa Nama,-7.7798951,110.3907638,cafe,sleman
Tanpa Nama,-7.7739855,110.2848865,cafe,sleman
Tanpa Nama,-7.7606141,110.3759815,convenience,sleman
Tanpa Nama,-7.7623889,110.3682141,convenience,sleman
Tanpa Nama,-7.7635539,110.4702227,convenience,sleman
Tanpa Nama,-7.7744449,110.4547066,convenience,sleman
Tanpa Nama,-7.7430078,110.4626702,convenience,sleman
Tanpa Nama,-7.7813274,110.4828132,convenience,sleman
Tanpa Nama,-7.7443219,110.4071368,convenience,sleman
Tanpa Nama,-7.7749429,110.4547292,convenience,sleman
Tanpa Nama,-7.7793412,110.4559153,convenience,sleman
Tanpa Nama,-7.7437886,110.4503794,convenience,sleman
Tanpa Nama,-7.7563571,110.3700079,convenience,sleman
Tanpa Nama,-7.7520822,110.3710465,convenience,sleman
Tanpa Nama,-7.7524544,110.3708904,convenience,sleman
Tanpa Nama,-7.7530246,110.3707258,convenience,sleman
Tanpa Nama,-7.7539685,110.3703064,convenience,sleman
Tanpa Nama,-7.7548635,110.3701245,convenience,sleman
Tanpa Nama,-7.7545516,110.3825984,convenience,sleman
Tanpa Nama,-7.7563171,110.3801885,convenience,sleman
Tanpa Nama,-7.7562922,110.3800883,convenience,sleman
Tanpa Nama,-7.7189263,110.4041416,convenience,sleman
Tanpa Nama,-7.7252992,110.3625776,convenience,sleman
Tanpa Nama,-7.7560868,110.3757209,laundry,sleman
Tanpa Nama,-7.7612878,110.3722324,laundry,sleman
Tanpa Nama,-7.7362827,110.4291297,laundry,sleman
Tanpa Nama,-7.7446585,110.4069499,laundry,sleman
Tanpa Nama,-7.7566509,110.369947,laundry,sleman
Tanpa Nama,-7.7563591,110.3709504,laundry,sleman
Tanpa Nama,-7.7586389,110.3791674,laundry,sleman
Tanpa Nama,-7.761899,110.3938297,restaurant,sleman
Tanpa Nama,-7.6011726,110.4230652,restaurant,sleman
Tanpa Nama,-7.7461453,110.3900085,restaurant,sleman
Tanpa Nama,-7.7611014,110.3789264,restaurant,sleman
Tanpa Nama,-7.7675561,110.3824643,restaurant,sleman
Tanpa Nama,-7.802194,110.3139492,restaurant,sleman
Tanpa Nama,-7.5928383,110.4324045,restaurant,sleman
Tanpa Nama,-7.5928601,110.4324949,restaurant,sleman
Tanpa Nama,-7.5928859,110.4326055,restaurant,sleman
Tanpa Nama,-7.5929101,110.4327194,restaurant,sleman
Tanpa Nama,-7.593094,110.4328976,restaurant,sleman
Tanpa Nama,-7.593123,110.4322321,restaurant,sleman
Tanpa Nama,-7.5931295,110.4325787,restaurant,sleman
Tanpa Nama,-7.5931311,110.4323704,restaurant,sleman
Tanpa Nama,-7.5931311,110.4327316,restaurant,sleman
Tanpa Nama,-7.7779601,110.4139576,restaurant,sleman
Tanpa Nama,-7.777774,110.4133139,restaurant,sleman
Tanpa Nama,-7.77779,110.4162429,restaurant,sleman
Tanpa Nama,-7.7780451,110.4126004,restaurant,sleman
Tanpa Nama,-7.777673,110.4130725,restaurant,sleman
Tanpa Nama,-7.6155795,110.3750728,restaurant,sleman
Tanpa Nama,-7.7704447,110.3833778,restaurant,sleman
Tanpa Nama,-7.7366389,110.4101666,restaurant,sleman
Tanpa Nama,-7.7452641,110.4067169,restaurant,sleman
Tanpa Nama,-7.7718006,110.4668347,restaurant,sleman
Tanpa Nama,-7.6473183,110.428484,restaurant,sleman
Tanpa Nama,-7.7741893,110.4547445,restaurant,sleman
Tanpa Nama,-7.7357284,110.3943256,restaurant,sleman
Tanpa Nama,-7.7707437,110.4323025,restaurant,sleman
Tanpa Nama,-7.7595135,110.3696968,restaurant,sleman
Tanpa Nama,-7.7590607,110.3697921,restaurant,sleman
Tanpa Nama,-7.7590051,110.3697851,restaurant,sleman
Tanpa Nama,-7.7565291,110.3699707,restaurant,sleman
Tanpa Nama,-7.7568967,110.3699312,restaurant,sleman
Tanpa Nama,-7.756145,110.3708369,restaurant,sleman
Tanpa Nama,-7.7561786,110.3710704,restaurant,sleman
Tanpa Nama,-7.7561647,110.3708828,restaurant,sleman
Tanpa Nama,-7.7561588,110.3709526,restaurant,sleman
Tanpa Nama,-7.7517539,110.3733232,restaurant,sleman
Tanpa Nama,-7.7519295,110.3710378,restaurant,sleman
Tanpa Nama,-7.7523837,110.3709376,restaurant,sleman
Tanpa Nama,-7.7563275,110.3702646,restaurant,sleman
Tanpa Nama,-7.7564192,110.3702039,restaurant,sleman
Tanpa Nama,-7.7563711,110.370735,restaurant,sleman
Tanpa Nama,-7.7564418,110.3714966,restaurant,sleman
Tanpa Nama,-7.7564659,110.3715695,restaurant,sleman
Tanpa Nama,-7.7525754,110.3708365,restaurant,sleman
Tanpa Nama,-7.7526675,110.3707861,restaurant,sleman
Tanpa Nama,-7.7527636,110.3707796,restaurant,sleman
Tanpa Nama,-7.7540546,110.3703017,restaurant,sleman
Tanpa Nama,-7.7520572,110.3726747,restaurant,sleman
Tanpa Nama,-7.7544812,110.3701853,restaurant,sleman
Tanpa Nama,-7.7586697,110.3813753,restaurant,sleman
Tanpa Nama,-7.7585854,110.3814799,restaurant,sleman
Tanpa Nama,-7.758504,110.3814156,restaurant,sleman
Tanpa Nama,-7.7575584,110.3819115,restaurant,sleman
Tanpa Nama,-7.7572699,110.3819354,restaurant,sleman
Tanpa Nama,-7.7571323,110.3819936,restaurant,sleman
Tanpa Nama,-7.7567978,110.3822475,restaurant,sleman
Tanpa Nama,-7.7563302,110.3822893,restaurant,sleman
Tanpa Nama,-7.7548105,110.3830121,restaurant,sleman
Tanpa Nama,-7.7547362,110.3819318,restaurant,sleman
Tanpa Nama,-7.7550777,110.3806105,restaurant,sleman
Tanpa Nama,-7.7556288,110.3780383,restaurant,sleman
Tanpa Nama,-7.756002,110.377427,restaurant,sleman
Tanpa Nama,-7.7561328,110.3773871,restaurant,sleman
Tanpa Nama,-7.7563182,110.3773418,restaurant,sleman
Tanpa Nama,-7.757956,110.3772056,restaurant,sleman
Tanpa Nama,-7.7579189,110.3804728,restaurant,sleman
Tanpa Nama,-7.7550562,110.3795152,restaurant,sleman
Tanpa Nama,-7.7545973,110.3813149,restaurant,sleman
Tanpa Nama,-7.7545247,110.3814409,restaurant,sleman
Tanpa Nama,-7.7544869,110.3815171,restaurant,sleman
Tanpa Nama,-7.7544927,110.3816314,restaurant,sleman
Tanpa Nama,-7.7564077,110.3813214,restaurant,sleman
Tanpa Nama,-7.7564577,110.3808227,restaurant,sleman
Tanpa Nama,-7.7562772,110.3805874,restaurant,sleman
Tanpa Nama,-7.7552731,110.3785563,restaurant,sleman
Tanpa Nama,-7.755588,110.3775189,restaurant,sleman
Tanpa Nama,-7.7554606,110.37964,restaurant,sleman
Tanpa Nama,-7.7503237,110.4234265,restaurant,sleman
Tanpa Nama,-7.7646434,110.381783,restaurant,sleman
Tanpa Nama,-7.7792588,110.4227715,restaurant,sleman
Tanpa Nama,-7.6942843,110.4188945,restaurant,sleman
Tanpa Nama,-7.697716,110.4170223,restaurant,sleman
Tanpa Nama,-7.69522,110.4179371,restaurant,sleman
Tanpa Nama,-7.6935846,110.4183509,restaurant,sleman
Tanpa Nama,-7.6939271,110.4184544,restaurant,sleman
Tanpa Nama,-7.7281897,110.3640208,restaurant,sleman
Tanpa Nama,-7.7280214,110.3639388,restaurant,sleman
Tanpa Nama,-7.7281514,110.3638483,restaurant,sleman
Tanpa Nama,-7.728192,110.363614,restaurant,sleman
Tanpa Nama,-7.7283007,110.3638857,restaurant,sleman
Tanpa Nama,-7.7282577,110.3637983,restaurant,sleman
Tanpa Nama,-7.7491518,110.3531098,restaurant,sleman
Tanpa Nama,-7.7508485,110.3555936,restaurant,sleman
Tanpa Nama,-7.6459272,110.3242851,restaurant,sleman
Tanpa Nama,-7.7202831,110.3635139,restaurant,sleman
Tanpa Nama,-7.630564,110.3406733,restaurant,sleman
Tanpa Nama,-7.6305099,110.3407247,restaurant,sleman
Tanpa Nama,-7.5773009,110.454916,restaurant,sleman
Tanpa Nama,-7.577588,110.4548829,restaurant,sleman
Tanpa Nama,-7.7717152,110.4091927,restaurant,sleman
Tanpa Nama,-7.776502,110.4837654,restaurant,sleman
Tanpa Nama,-7.7583542,110.3985771,restaurant,sleman
Tanpa Nama,-7.7555488,110.4336795,restaurant,sleman
